Regex,Attempt Regex,Positive Strings,Negative Strings
(a*ba*b)*a*ba*,a*b*(a*ba*b)*a*,"[, aababa, aabababa, aba, abaababa, ababaaba, ababab, abababa, abababaa, abababababa, ababba, abbaba, abbababa, bababa]",[]
001|1010|110,001|10101|110|1010,"[001, 1010, 10101, 110]",[]
(a|b)(a|b)+aaa+,((a|b)(a|b)+aa+),"[aaaa, aaaaa, abaa, baaa]",[aaa]
(0*10*10*)*|0*,(0*|1*)*,"[, 0, 00, 1, 11]",[]
(a|b)*(bab)(a|b)*,((a|b)*(bab)*(a|b)*)*,"[, aa, aababa, abab, ababa, ababaa, ababaababa, ababb, ababbaba, baba, bbaba]",[]
(ab|ba)*,((ab|ba)*|(aabb|bbaa)*)*(aa|ab|ba|bb)*,"[, aa, aabbaa, aabbaabbaa, ab, abaa, abaaaa, abab, ababaa, abba, abbb, baaa, bbaaaa]",[]
(a|baa)*,[a]*|[baa]*,"[, a, aa, b]",[c]
0*10*(10*10*)*,(0|1)*1(0|1)*1*0*,"[001010, 0100, 010010, 0101, 01010, 010100, 010110, 0110, 01110, 1, 1010, 11010]",[]
((0(0*|(1+0))*)|(1(1*|(0+1))*))?,((0*1*)*0*)|((1*0*)*1*),"[, 0, 00, 0010, 01, 010, 0100, 01010, 0110, 1, 10, 1001, 101, 10101, 1011, 11, 1101]",[]
(0*10*10*)*|0*,0*(0*1+0*1+0*)*,"[, 0, 0001010, 0010010, 00101, 001010, 0010100, 00101001010, 0010110, 00110, 0011010, 01010]","[00010, 00100]"
(ab|ba)*,(ab|ba)*(aa+bb+ab+ab)*,"[, aabbabab, ab, abaaabbabab, abaabbabab, abaabbababaabbabab, abaabbabbab, abaabbbabab, ababaabbabab, baaabbabab]","[abaababab, abaabbaab, ababbabab]"
(a|(b*bb))*,(ab|ba|b|a)*(a)*,"[, a, aa, ab, aba, abaa, ababa, ba, baa]",[]
(a|b)(a|b)+aaa+,(a|b*a|b*)*aaa,"[aaa, aaaa, aaaaa, baaa, baaaa, bbaaa, bbaaaa]",[]
b*a*,a+[ba]*|(b*a*),"[, a, aa, aaa, ab, b, ba, baa, bba]",[ac]
(a|(b*bb))*,(a|b)*,"[, a, aa, b]",[]
(a|b)(a|b)+aaa+,(a+|b+)+aaa,"[aaaa, aaaaa, baaa, bbaaa]",[aaa]
(a|b)(a|b)+aaa+,((a|b)|(aa|bb))+aaa,"[aaaa, aaaaa, baaa, bbaaa]",[aaa]
(a|b)(a|b)+aaa+,(aa+|bb+|ab+|ba+|a*|b*)+aaa,"[aaa, aaaa, aaaaa, aaaaaa, aaaaaaa, abaaa, abbaaa, baaa, baaaa, baaaaa, bbaaa, bbbaaa]",[]
(a|b)*(bab)(a|b)*,(a|b|bab)*(a|b)*,"[, a, aa, aaa, ab, ba, baba]",[]
(ab|ba)*,(ab|ba|aabb|bbaa)*(aa|bb|ab|ba)*,"[, aa, aabbaa, ab, abaa, abaaaa, abab, ababaa, abba, abbb, baaa, bbaaaa]",[]
(a*ba*b)*a*ba*,(a)*b(a*ba*b*)*(a)*,"[aabababa, aba, abaababa, ababaa, ababaaba, ababab, abababa, abababaa, abababababa, abababba, ababba, abbaba, b, bababa]",[]
(a|(b*bb))*,((a|b)*bb(a|b)*)*a*,"[, a, aabbaa, abba, abbaa, abbaaa, abbaabbaa, abbba, bbaa, bbbaa]",[]
(a|baa)*,(a|(b*aa))*,"[, a, aa, baa, bbaa]",[]
(a|baa)*,(a)*((b|aa)*(a)*)*,"[, a, aa, aaaa, aaba, ab, aba, abaa, ababa, abba, ba]",[]
((a|b)a*ba)*(((a|b)a*b)?),((a|b)a*(ba|b))*,"[, aaaba, aab, aaba, aabaaaba, aba, baba]",[]
(0*10*10*)*|0*,(0*|1)*(0*|1)*,"[, 0, 00, 000, 01, 10]",[]
001|1010|110,0*1(01)*1*0*,"[0010110, 01010, 01010110, 01011, 010110, 0101100, 0101110, 0110, 1, 10110]",[]
a(a|b)a(a|b)*,a+(a|b)+a+(b)*,"[aaa, aaaab, aaab, aaabb, aba, abab]",[aab]
/#(/|a|b|##*(a|b))*##*/,(/#)|((a|b|/?)|#)|(#/),"[, #, #/, /, /#, a, b]",[//]
(ab|ba)*,a*b*(a|b)*,"[, aa, aaba, ab, aba, abaa, abb, abba, ba]",[]
(a*ba*b)*a*ba*,((a)*b(a)*(bb)*)*,"[, aababb, aba, abaabb, ababb, ababbababb, ababbbb, abbb, babb]",[]
(a|b)(a|b)+aaa+,(a+|b+)*aaa,"[aaa, aaaa, aaaaa, baaa, bbaaa]",[]
(0(0*|1+0)*)|(1(1*|0+1)*),(0|1|0(0|1)*0|1(0|1)*1)*,"[, 0, 00, 000, 0000, 010, 1, 1001, 101, 11, 111]",[]
b*a*,(a)*a*b*a*,"[, aaa, aaaba, aab, aaba, aabaa, aabba, aba]",[]
(a*ba*b)*a*ba*,(a*ba*)*,"[, aaba, ab, aba, abaa, abaaba, ba]",[]
(a|b)(a|b)+aaa+,(a|b)*aaaa*,"[aaa, aaaa, aaaaa, aaaaaa, baaaa]",[]
(a*ba*b)*a*ba*,(a*ba*)+,"[aaba, ab, aba, abaa, abaaba, b, ba]",[]
0*10*(10*10*)*,(0*10*1*)*,"[, 00101, 010, 01001, 0101, 01010101, 01011, 011, 101]",[]
((a|b)a*ba)*(((a|b)a*b)?),((((a|b)a*ba))|((a|b)a*b))*,"[, aaab, aaaba, aab, aaba, aabaaaba, ab, aba, bab, baba]",[]
a(a|b)a(a|b)*,(a(a|b)a(a|b)*)*,"[, aaa, aaaa, aaaaa, aaaaaaaa, aaab, abaa]",[]
(ab|ba)*,((aa)*|(bb)*)((aa)*|(bb)*)*|(ba|ab)(ab|ba)*|aa|bb,"[, aa, aaaa, aaaaaa, aabb, aabbbb, ab, abab, ba, baab, baabab, baba, bb, bbaa, bbbbaa]",[]
(ab|ba)*,(a*b*)(ab|ba|aa|ab)*,"[, aab, aabab, ab, abaa, abab, ababab, abba, abbab, bab]",[]
(a|b)*baa(a|b)*b,(a|b)*(baa*)(a|b)*b,"[aabaaab, abaaaab, abaaab, abaab, abaabb, baaab, bab, bbaaab]",[]
((0(0*|(1+0))*)|(1(1*|(0+1))*))?,((0|1)*(0(101)*0|1(010)*1|(1001)*|(0110)*)(0|1)*)*,"[, 00, 0000, 00010100, 001010, 0010100, 00101000, 00101000010100, 0010101, 0010110100, 001100, 0011001100, 010010, 0100110010, 010100, 0101001010, 0101010, 0110, 1010100]",[]
(a|b)(a|b)+aaa+,(a|b)+a+a+a+,"[aaaa, aaaaa, baaa]",[aaa]
(a|b)*baa(a|b)*b,(a*(b+a+)+b+),"[aabab, abaab, abab, ababab, ababb, abbab, bab]","[aab, ab, aba, abb]"
(a|b)*baa(a|b)*b,((a|b)*|(baa+))b,"[aab, ab, b, baaab, baab, bab, bb]",[]
(a*ba*b)*a*ba*,"(a*(b|bb{2,})*a*)+","[, aa, aaba, ab, aba, abaa, abaaba, abba, abbba, ba]",[]
(0*10*10*)*|0*,0*(0|1)*,"[, 0, 00, 000, 01]",[]
0*10*(10*10*)*,1*|((0|1)*1(0|1)*)*,"[, 0010, 01, 010, 0100, 010010, 011, 1, 10, 11, 110]",[]
(0|1)(0|1)*,(0|1)|(0|1)*(0|1)*,"[, 0, 00, 000, 01, 1, 10]",[]
0(0|1)*0,0+(0*1*0*)*,"[0, 000, 00010, 001, 0010, 00100, 0010010, 00110, 010]",[]
a(a|b)a(a|b)*,a(a|b)*a(a|b)*,"[aa, aaa, aaaa, aaaaa, aaab, abaa]",[]
((0(0*|(1+0))*)|(1(1*|(0+1))*))?,(1+(0*1*0*)*1+)|(0*1*0*)*,"[, 00, 0010, 01, 010, 0100, 010010, 0101, 0110, 10, 1001, 100101, 1010, 101001, 10100101, 10101, 101011, 1011, 101101, 11, 1101, 110101]",[]
(ab|ba)*,(a|b)*,"[, a, aa, b]",[]
(ab|ba)*,(ab|ba)*|(ab|bb)*,"[, ab, abab, ba, bb]",[]
(a|(b*bb))*,a*|(a|b)*bb+(a|b)*|(a|b)*b+b(a|b)*,"[, a, aa, aabba, abb, abba, abbaa, abbb, abbba, bb, bba, bbba]",[aba]
(a|b)(a|b)+aaa+,(a|b)(a|b)*aaaa*,"[aaaa, aaaaa, aaaaaa, aaaaaaa, abaaaa, baaa, baaaaa]",[]
((a|b)a*ba)*(((a|b)a*b)?),(((a|b)((a*b)|(a*ba)))*)?,"[, aaab, aaaba, aab, aaba, aabaab, ab, aba, bab]",[]
(0*10*10*)*|0*,(0*|1*0*1*)+,"[, 0, 00, 01, 10, 1001, 101, 1011, 11, 1101]",[]
(a|(b*bb))*,((a|b)*bb(a|b)*)|a*,"[, a, aa, aabba, abb, abba, abbaa, abbb, bb, bba, bbba]",[]
0(0|1)*0,0+(0|1)*,"[0, 00, 000, 01]",[]
((0(0*|(1+0))*)|(1(1*|(0+1))*))?,(1((0|1)*1)*|0((0|1)*0)*)*,"[, 0, 00, 000, 0000, 00000, 010, 1, 1001, 101, 10101, 101101, 11, 111]",[]
(a|b)*baa(a|b)*b,(a|b)*(baa)+(a|b)*,"[aabaaa, abaa, abaaa, abaaaa, abaab, abaabaaa, baa, baaa, bbaaa]",[aa]
(a|(b*bb))*,(a*(b*b)*a*)*,"[, aa, aabba, aba, abb, abba, abbaa, abbaabba, abbba, abbbba, bba]",[]
(a|b)(a|b)+aaa+,(a|b)*a{3},"[aaa, aaaa, aaaaa, baaa]",[]
((a|b)a*ba)*(((a|b)a*b)?),(((a|b)(a*))(ba))*(((a|b)(a*))(b|ba))*,"[, aaabaaab, aab, aaba, aabaaaab, aabaaab, aabaaaba, aabaaabaaab, aabaaabaab, aabaab, aababab, abaaab, babaaab]",[]
(a|b)(a|b)+aaa+,((a+|b+)+)+aaa+,"[aaaa, aaaaa, baaa, bbaaa]",[aaa]
(a|(b*bb))*,(a|b(b*))*,"[, a, aa, b, bb, bbb]",[]
(a|b)(a|b)+aaa+,(aa*|bb*)+aaa+,"[aaaa, aaaaa, aaaaaa, aaaaaaa, baaa, bbaaa, bbbaaa]",[aaa]
(ab|ba)*,(aa|bb|ab|ba)*(aa|bb|ab|ba)*,"[, aa, aaaa, aaaaaa, aaab, aaba, aabb, abaa, baaa, bbaa]",[]
(a|(b*bb))*,(a|(bb*))*,"[, a, aa, b, bb, bbb]",[]
(0(0*|1+0)*)|(1(1*|0+1)*),1*|0*|1+(0*1*)*1+|0+(1*0*)*0+,"[, 0, 00, 000, 00100, 010, 0100, 01000, 010100, 01100, 1, 10011, 101, 101011, 1011, 10111, 11, 11011, 111]","[011, 100]"
(a|baa)*,[ab]*(baa)*,"[, abaa, b, baa, bbaa, bbaabaa, bbbaa]",[cbaa]
(a*ba*b)*a*ba*,(a*ba*)+(a*ba*ba*)*,"[aabaababa, aba, abaaababa, abaabaaba, abaabaababa, abaabab, abaababa, abaababaa, abaababaababa, abaabba, ababa, abababa, b, baababa]",[]
(a|b)(a|b)+aaa+,(a|b)|(b|a)(a|b)*(a)(a)(a)(a*),"[a, aaaa, aaaaaa, b, baaa, baaaa, baaaaa, baaaaaa, bbaaaa]",[]
(a*ba*b)*a*ba*,(a|b)+(a|b)*,"[a, aa, aaa, ab, b, ba]",[]
((0(0*|(1+0))*)|(1(1*|(0+1))*))?,(1*01*)*(0*10*)*,"[, 010, 01010, 10010, 101, 1010010, 10101, 101010, 1010100, 101010010, 10110, 1011010, 101101010, 1101010]",[]
0+1*,0*1*,"[, 0, 001, 01, 011, 1]",[]
(0(0*|1+0)*)|(1(1*|0+1)*),(0*)|(1*)|(0+(1|0)*0+)|(1+(1|0)*1+),"[, 0, 00, 000, 0010, 010, 0100, 0110, 1, 101, 11, 111, 1111]","[01, 10]"
(ab|ba)*,(ab|ba|aa|bb)*,"[, aa, ab, abab, ba, bb]",[]
(a|baa)*,((b+a+a)*a*)*,"[, a, aaa, baa, baaa, baaaa, baaabaaa, baabaaa, bbaaa]",[]
(0|1)(0|1)|(0|1)(0|1)(0|1),[0-1][0-1][0-1]*|[0101],"[0, 00, 000, 0000, 1]","[002, 020, 2, 200]"
(a|b)(a|b)+aaa+,(aa+|bb+|ab+|ba+|a|b)+aaa,"[aaaa, aaaaa, aaaaaa, aaaaaaa, abaaa, abbaaa, baaa, baaaa, baaaaa, bbaaa, bbbaaa]",[aaa]
(ab|ba)*,(ab|ba)*(aa+bb+ba+ab)*,"[, aabbbaab, ab, abaaabbbaab, abaabbbaaab, abaabbbaab, abaabbbaabaabbbaab, abaabbbbaab, ababaabbbaab, baaabbbaab]","[abaabbaab, abaabbbab, ababbbaab]"
(0(0*|1+0)*)|(1(1*|0+1)*),(0+1*0+)*|((1+0*)*10+1+)*|1*|0+(1+0+)*,"[, 0, 00, 0010, 010, 0100, 010010, 01010, 0110, 1, 100101, 101, 101001, 10101, 1010101, 101011, 1010110101, 1011, 11, 1101, 110101]","[01, 0101, 10, 1010]"
((0(0*|(1+0))*)|(1(1*|(0+1))*))?,((0+(1+0)*)|(1+(0+1)*))*,"[, 0, 00, 0010, 01, 010, 010010, 01010, 0110, 1, 10, 1001, 101, 10101, 11, 1101]",[]
(ab|ba)*,(bb|aa|(aabb|abab|abba|baba|bbaa|baab)*)*((aa)|(bb)|(ab)|(ba))*,"[, aa, aaaa, aabbaa, aabbaabbaa, ababaa, abbaaa, baabaa, babaaa, bb, bbaa, bbaaaa, bbab, bbba, bbbb, bbbbaa]",[]
b*a*,((a+)|(b*a*))*,"[, a, aa, b, ba, baa, bba]",[]
(a|baa)*,(a|(b*a(a)*))*,"[, a, aa, ba, baa, baaa, bbaa]",[]
(a|baa)*,((a)*(b+aa+))+|[a]*,"[, a, aa, aaa, aabaa, abaa, abaaa, abaaabaa, abbaa, baa]",[aba]
0*10*(10*10*)*,(0*(10*1)*0*10*)*|(11),"[, 0010, 00101010, 01001010, 01010010, 010101, 0101010, 01010100, 01010100101010, 010110, 0101101010, 011010, 101010, 11]",[]
((a|b)a*ba)*(((a|b)a*b)?),(((a|b)a*(b|ba))*)?,"[, aaab, aab, aaba, aabaab, ab, bab]",[]
(a|b)(a|b)+aaa+,(a|b)(a|b)*aa*,"[aa, aaa, aaaa, aaaaa, abaa, ba, baaa]",[]
(a|b)(a|b)+aaa+,(aa|bb|ab|ba)+(a*a+a+),"[aaaa, aaaaa, aaaaaa, aaaaaaa, abaa, abaaa, baaa, baaaa, bbaa, bbaaa]",[aaa]
(a|b)(a|b)+aaa+,(a|b)*(a|b)*(aaa)*,"[, aa, aaaa, aaaaa, aaaaaa, aaaaaaaa, abaaa, baaaa]",[]
(a|b)*baa(a|b)*b,(a|b|baa+)+b,"[aab, ab, baaab, baab, bab, bb]",[b]
(a|baa)*,(a*)+(a*|b+a+a)+(a*),"[, aa, aaa, aaaa, abaa, abaaa, abaaaa, abbaaa, baa]",[]
(ab|ba)*,(ab(ab)*|ba(ab)*)*((a|b)(a|b))*,"[, aa, abaa, abab, ababaa, ababaaaa, ababab, abababaa, ababababaa, ababba, baaa, baabaa, baababaa]",[]
a+b,[ab]*(ab)[ab]*,"[aabb, ab, abb, bab, baba, babb, babbb, bbabb]","[babc, cabb]"
(a|(b*bb))*,(a|(b)*)*,"[, a, aa, b, bb]",[]
a+b,(a|b)*(b),"[aab, ab, b, bb]",[]
(a*ba*b)*a*ba*,(a*(ba*ba*)*ba*)*,"[, aabababa, aba, abaababa, ababaaba, ababab, abababa, abababaa, abababaabababa, abababababa, ababba, abbaba, bababa]",[]
(a|b)(a|b)+aaa+,(a|b)*,"[, a, aa, b]",[]
(a*ba*b)*a*ba*,a*b|(a*ba*(bb)*a*)*,"[, aab, aababba, ab, abaa, abaabba, ababb, ababba, ababbaa, ababbaababba, ababbbba, abbba, b, babba]",[]
(0(0*|1+0)*)|(1(1*|0+1)*),0*|1*|(0+1+)+0+|(1+0+)+1+,"[, 0, 00, 0010, 010, 0100, 01010, 0110, 1, 1001, 101, 10101, 1011, 11, 1101]","[01, 10]"
(a*ba*b)*a*ba*,a*b+(a|b(a)*b)*,"[aaba, ab, aba, abaa, abba, abbaab, abbab, abbb, b, ba]",[aa]
0(0|1)*0,0*(0|1)*0*,"[, 00, 000, 0000, 010]",[]
(ab|ba)*,((aabb|abab|abba|bbaa|baba|baab)*(aa|ab|ba|bb)*)+((ab)?),"[, aaab, aabbaa, aabbaaaaab, aabbaaaabbaaab, aabbaaab, aabbaaabab, aabbaabbaaab, aabbab, aabbabab, aabbbaab, aabbbbab, ab, ababaaab, abbaaaab, baabaaab, babaaaab, bbaaaaab]",[]
(a|(b*bb))*,(a*|(bb*))*,"[, a, aa, b, bb, bbb]",[]
(a|b)(a|b)+aaa+,(a|b)*a{2}aa*,"[aaa, aaaa, aaaaa, aaaaaa, baaaa]",[]
(ab|ba)*,(ab|ba|aabb|bbaa)*(aabb+bbaa+ab+ba)*,"[, aabbaabbbbaaabba, aabbbbaaabba, ab, abaabbbbaaaabba, abaabbbbaaabba, abaabbbbaaabbaaabbbbaaabba, abaabbbbaaabbba, abaabbbbbaaabba, ababaabbbbaaabba, baaabbbbaaabba, bbaaaabbbbaaabba]","[abaabbbaaabba, abaabbbbaaaba, abaabbbbaabba]"
(ab|ba)*,((a|b)|((a|b)(a|b)(a|b)))*|(ab|ba)*,"[, a, aa, aaa, aab, ab, aba, abab, b, ba, baa]",[]
(ab|ba)*,(bb|aa|(abab|aabb)*)*((aa)|(bb)|(ab)|(ba))*,"[, aa, aaaa, aabbaa, ababaa, ababababaa, bb, bbaa, bbaaaa, bbab, bbba, bbbb, bbbbaa]",[]
(ab|ba)*,(ab)*((a|b)(a|b))*,"[, aa, ab, abaa, abaaaa, abab, ababaa, abba]",[]
(a|(b*bb))*,(a*(b+a*b+)*a*)*,"[, aa, aababa, abaaba, abab, ababa, ababaa, ababaababa, ababba, ababbaba, abba, abbaba, baba]","[aaba, abaa]"
(a|b)(a|b)+aaa+,(a|b)+(a|b)+(a|b)*aaa*,"[aaaa, aaaaa, aaaaaa, aaaaaaa, aabaaa, abaa, abaaaa, baaa, baaaaa]",[]
(a|b)*baa(a|b)*b,(a|b|baa+)*b,"[aab, ab, b, baaab, baab, bab, bb]",[]
(ab|ba)*,(bb?|aa|(ab|ba)*)*((aa)?|(bb)|(ab)|(ba))*,"[, aa, aaaa, abaa, ababaa, baa, baaa, bb, bbaa, bbaaaa, bbab, bbba, bbbaa, bbbb, bbbbaa]",[]
(a|b)(a|b)+aaa+,(a|b)|(a|b)+(a|b)*aaa,"[a, aaaa, aaaaa, aaaaaa, abaaa, b, baaa, baaaa]",[]
a+b,[a]*[b]*,"[, a, aab, ab, abb, b]",[]
(ab|ba)*,((ab)|(ba))*|(a|b)((a|b)(a|b))*,"[, a, aaa, aaaaa, aab, ab, aba, abab, b, ba, baa]",[]
(ab|ba)*,(ab(a|b)*)*((a|b)(a|b))*,"[, aa, aba, abaa, abaaa, abaaaa, abaaaaa, abaab, abaabaaa, ababa, abbaa]",[]
(a|b)(a|b)+aaa+,[ab]|[ab]+a{3},"[a, aaaa, b, baaa, baaaa, bbaaa]","[aaa, baa, c, caaa]"
(a|(b*bb))*,((a|b)*b?)*,"[, a, aab, ab, abab, abb, b, bb]",[]
(a|b)(a|b)+aaa+,((a|b)+)aaa,"[aaaa, aaaaa, baaa]",[aaa]
(a|b)*baa(a|b)*b,(a*b*)*(baa)*(a*b*)b,"[aabbaaabb, abaaabb, ababb, ababbaaabb, abbaaaabb, abbaaab, abbaaabb, abbaaabbb, abbaabaaabb, abbaabb, abbbaaabb, b, baaabb, bbaaabb]",[]
((0(0*|(1+0))*)|(1(1*|(0+1))*))?,0*|1*|(1*0+1*0+1*)*|(0*1+0*1+0*)*,"[, 0, 00, 0010, 001010, 0100, 010010, 0101, 01010, 010100, 0101001010, 010110, 0110, 011010, 1, 1001, 100101, 1010, 101001, 10101, 101011, 1010110101, 1011, 101101, 11, 1101, 110101]",[]
(a|b)(a|b)+aaa+,((a|b)+(aaa+)),"[aaaa, aaaaa, baaa]",[aaa]
a+b,(a|a*)b,"[aab, ab, b]",[]
(a|b)(a|b)+aaa+,(((a)|(b))+)+(aaa)+,"[aaaa, aaaaa, aaaaaaa, baaa]","[a, aaa]"
(a|b)(a|b)+aaa+,(a|b)(a|b)+aaa(a|b)*,"[aaaaa, aaaaaa, aaaaaaa, aaaaab, abaaa, abaaaa, baaaa, baaaaa]",[]
(a|b)(a|b)+aaa+,(a|b)(a|b)*aaa,"[aaaa, aaaaa, aaaaaa, abaaa, baaa, baaaa]",[]
(a|(b*bb))*,(a*|(b*b)*)*,"[, a, aa, b, bb, bbb, bbbb]",[]
((a|b)a*ba)*(((a|b)a*b)?),(((a|b)a*(b|ba))+)?,"[, aaab, aab, aaba, aabaab, ab, bab]",[]
(a|b)(a|b)+aaa+,(a|b)|(a|b)*(aaa)a*,"[a, aaa, aaaa, aaaaa, aaaaaa, b, baaaa]",[]
(0|1)(0|1)*,[01]*,"[, 0, 1, 11]",[2]
((a|b)a*ba)*(((a|b)a*b)?),((a|b)a*ba)*((a|b)a*b)*,"[, aaabaaab, aab, aaba, aabaaaab, aabaaab, aabaaabaaab, aabaaabaab, aabaab, aababab, abaaab, babaaab]",[]
(a|b)(a|b)+aaa+,(a|b)*aaa(a)*,"[aaa, aaaa, aaaaa, aaaaaa, baaaa]",[]
(a|b)(a|b)+aaa+,(a|b)+(a|b)*aaa*,"[aaa, aaaa, aaaaa, aaaaaa, abaaa, baa, baaaa]",[]
a+b,[a]*[b],"[aab, ab, b]",[]
(ab|ba)*,(ab|ba)*(aa|bb)*(ab|ba)*,"[, aaab, abaa, abaaaaab, abaaab, abaaabab, abaaba, abab, ababaaab, abbbab, baaaab]",[]
a+b,(a*b),"[aab, ab, b]",[]
(a|b)*baa(a|b)*b,a*b*baa*b*(a*bb*)*,"[aabbaababb, abaababb, abbaaababb, abbaaabb, abbaab, abbaabaabb, abbaabab, abbaababb, abbaababbabb, abbaababbb, abbaabbabb, abbaabbb, abbababb, abbbaababb, ba, bbaababb]",[]
(ab|ba)*,((ab)*(ba)*)*(a|b)?,"[, a, aba, ababbaa, abba, abbaa, abbaabbaa, abbab, abbabaa, baa]",[abbaaa]
((a|b)a*ba)*(((a|b)a*b)?),((a|b)a*b+a*)*,"[, aaaba, aab, aaba, aabaa, aabaaaba, aabba, aba, baba]",[aaa]
1*(01*01*01*01*)*,(0|1)*,"[, 0, 00, 1]",[]
(a|b)*baa(a|b)*b,[ab]*[b][aa][ab]*[b],"[ababb, bab, babb, bbaab, bbab, bbabb, bbabbb, bbbabb]","[bbacb, bbbbb, cbabb]"
(a|b)(a|b)+aaa+,"(a|b)(a|b)(a|b)*(a{3,})*","[aa, aaa, aaaaa, aaaaaa, aaaaaaa, aaaaaaaaa, aabaaa, ab, abaaaa, ba, baaaaa]",[]
(a|b)(a|b)+aaa+,"(a|b|aa|bb|ab|ba)*a{3,}","[aaa, aaaa, aaaaa, abaaa, baaa, baaaa, bbaaa]",[]
0*10*(10*10*)*,((0|1)*),"[, 0, 00, 1]",[]
((0(0*|(1+0))*)|(1(1*|(0+1))*))?,(0*|1*|((1+0*1+)*|(0+1*0+)*)*)*,"[, 0, 00, 0010, 01, 010, 0100, 010010, 0110, 1, 10, 1001, 101, 1011, 101101, 11, 1101]",[]
(ab|ba)*,(ab|ba)*(aabb+bbaa+ab+ba)*,"[, aabbbbaaabba, ab, abaabbbbaaaabba, abaabbbbaaabba, abaabbbbaaabbaaabbbbaaabba, abaabbbbaaabbba, abaabbbbbaaabba, ababaabbbbaaabba, baaabbbbaaabba]","[abaabbbaaabba, abaabbbbaaaba, abaabbbbaabba]"
a+b,(a*(b))*,"[, aab, ab, abab, b]",[]
a+b,(a)+(b)*,"[a, aab, ab, abb]",[b]
((0(0*|(1+0))*)|(1(1*|(0+1))*))?,((01+0)|(10+1)|(0*10*)|(1*01*))*,"[, 00, 0010, 01, 010, 0100, 010010, 0110, 10, 1001, 101, 1011, 11, 1101]",[]
0*10*(10*10*)*,(0*10*)*,"[, 0010, 01, 010, 0100, 010010, 10]",[]
(0(0*|1+0)*)|(1(1*|0+1)*),1?|0|1+(0*1*)*1+|0+(0*1*)*0+,"[, 0, 00, 000, 00010, 0010, 00100, 001010, 00110, 010, 1, 10011, 101, 101011, 1011, 10111, 11, 11011, 111]","[001, 011]"
(a|b)(a|b)+aaa+,(a*b*)+a+a+a,"[aaa, aaaa, aabaaa, abaaa, abaaaa, ababaaa, abbaaa, baaa]",[abaa]
(a|b)(a|b)+aaa+,(a|b)*aaa,"[aaa, aaaa, aaaaa, baaa]",[]
(a|(b*bb))*,a*|((a|b)*bb(a*b*)),"[, a, aa, aabbab, abba, abbaab, abbab, abbabb, abbb, bb, bbab, bbbab]",[]
(0|1)(0|1)*,(0*1+)*(1*0+)*,"[, 00110, 01, 010, 010110, 011, 0110, 01100, 011010, 01110, 10, 110]",[]
(0(0*|1+0)*)|(1(1*|0+1)*),1*(0|1)*1*|0*(0|1)*0*,"[, 00, 000, 0000, 01, 010, 10, 1001, 101, 1011, 11, 1101, 111]",[]
(a|(b*bb))*,(a*(bb)*b*a*)*,"[, aabbba, aba, abba, abbb, abbba, abbbaa, abbbaabbba, abbbba, abbbbba, bbba]",[]
(0*10*10*)*|0*,0*(0*1*)*0*,"[, 00, 000, 00010, 001, 0010, 00100, 001010, 00110, 010]",[]
((0(0*|(1+0))*)|(1(1*|(0+1))*))?,(1|0|1+(0*1*)*1+|0+(1*0*)*0+)*,"[, 0, 00, 000, 00100, 010, 0100, 01000, 010100, 011, 01100, 1, 100, 10011, 101, 101011, 1011, 10111, 11, 11011, 111]",[]
((a|b)a*ba)*(((a|b)a*b)?),(((a|b)a*b)|((a|b)a*ba))*,"[, aaab, aaaba, aab, aaba, aabaab, ab, aba, bab, baba]",[]
(ab|ba)*,((aa|bb|ab|ba)?)*,"[, aa, aaaa, ab, ba, bb]",[]
a+b,a*b,"[aab, ab, b]",[]
(a*ba*b)*a*ba*,a*b(ba*b+|a*)*,"[aabbab, ab, aba, abaa, abbaab, abbab, abbabb, abbabbab, abbb, b, bbab]",[abba]
(a|b)*(bab)(a|b)*,(a|b)*|(a|bab)*(b|aba)*,"[, a, aa, aab, aaba, ab, abb, b, babb]",[]
(0(0*|1+0)*)|(1(1*|0+1)*),1*|0*|1+(0+1+)*|0+(1+0+)*,"[, 0, 00, 0010, 010, 0100, 01010, 0110, 1, 1001, 101, 10101, 1011, 11, 1101]","[01, 10]"
(a|b)(a|b)+aaa+,(a|b)(a|b)*aaa+,"[aaaa, aaaaa, aaaaaa, abaaa, baaa, baaaa]",[]
(a|b)(a|b)+aaa+,(a|b)(a|b)*aaa*,"[aaa, aaaa, aaaaa, aaaaaa, abaaa, baa, baaaa]",[]
(a*ba*b)*a*ba*,((a|(bb))*b[a]*)*,"[, aaba, ab, aba, abaa, abaaba, ba, bbba]",[]
(ab|ba)*,(a|b)*(ab|ba|aa|ab)*,"[, a, aaa, aaab, aab, aabab, ab, aba, bab]",[]
0(0|1)*0,0|(0|1)*|0,"[, 0, 00, 1]",[]
(ab|ba)*,(ab|ba)*(aa|bb)?,"[, aa, ab, abaa, ababaa, abbb, baaa]",[abaaaa]
(a*ba*b)*a*ba*,(a*)b+((a*)|(b(a*)b))+(a*),"[aabaa, aba, abaa, abaaa, abbaa, abbaaba, abbaba, abbba, b, baa, bbb]",[aaa]
(a*ba*b)*a*ba*,a*(b(a*ba*b)*)*a*,"[, aa, aabababa, aba, abaababa, ababaaba, ababab, abababa, abababaa, abababababa, abababbababa, ababba, abbaba, bababa]",[]
(0(0*|1+0)*)|(1(1*|0+1)*),0*(1+0+)*|1*(0+1+)*,"[, 0, 00, 0010, 01, 010, 0100, 01010, 0110, 1, 10, 1001, 101, 10101, 1011, 11, 1101]",[]
((0(0*|(1+0))*)|(1(1*|(0+1))*))?,(1+|0+)*,"[, 0, 00, 1, 11]",[]
b*a*,(a+|b*a*)+,"[, a, aa, b, ba, baa, bba]",[]
(ab|ba)*,(aa|ab|ba|bb)*,"[, aa, aaaa, ab, ba, bb]",[]
(a*ba*b)*a*ba*,(a|(ba*b))*b+a*,"[aaba, ab, aba, abaa, abba, b, ba, baabba, babba, bbba]",[aa]
(a*ba*b)*a*ba*,a*b+(bb*|a*)*,"[aabbb, ab, aba, abaa, abb, abbb, abbbb, abbbbb, b, bbb]",[]
(a|b)(a|b)+aaa+,(a*|b*)*(a)(a)(a)(a*),"[aaa, aaaa, aaaaa, aaaaaa, baaaa, bbaaaa]",[]
(a|(b*bb))*,((b(b*))|a)*,"[, a, b, bb, bbb, bbbb]",[]
a+b,(a|b)*a*b,"[aaab, aab, ab, b, bab]",[]
((a|b)a*ba)*(((a|b)a*b)?),((a|b)a*ba*)*,"[, aaaba, aab, aaba, aabaa, aabaaaba, aba, baba]",[]
(a|(b*bb))*,((bb*)*a*)*,"[, a, ba, bb, bba, bbaa, bbabba, bbba, bbbba]",[]
(a|b)(a|b)+aaa+,(a|b)(a|b)(a|b)*(aaa)*,"[aa, aaa, aaaaa, aaaaaa, aaaaaaa, aaaaaaaaa, aabaaa, ab, abaaaa, ba, baaaaa]",[]
b*a*,a+b*a*|b*a*,"[, a, aa, aaba, ab, aba, abaa, abba, b, ba, baa, bba]",[]
(a*ba*b)*a*ba*,(a|b(bb)*)*,"[, a, aa, b, bbb, bbbbb]",[]
(a*ba*b)*a*ba*,(a*ba*b*)*,"[, aabab, aba, abaab, abab, abababab, ababb, abb, bab]",[]
(ab|ba)*,(ab|ba)*(aa|bb)*,"[, aa, ab, abaa, abaaaa, ababaa, abbb, baaa]",[]
(0|1)(0|1)|(0|1)(0|1)(0|1),(0+0+0)|(1+0+0)|(0+1+0)|(0+0+1)|(1+1+0)|(0+1+1)|(1+0+1)|(1+1+1)|(1+1)|(0+0)|(1+0)|(0+1),"[00, 000, 0000, 0001, 001, 0010, 0011, 01, 010, 011, 0110, 0111, 10, 100, 1000, 1001, 101, 11, 110, 1100, 1101, 111, 1110, 1111]","[0, 1]"
(a|(b*bb))*,(b(b*)|a)*,"[, a, b, bb, bbb, bbbb]",[]
(a|(b*bb))*,(a*|(b*bb*)*)*,"[, a, aa, bb, bbb, bbbb, bbbbbb]",[]
((0(0*|(1+0))*)|(1(1*|(0+1))*))?,(1*0*1*)*(0*1*0*)*,"[, 010, 01010, 10010, 1001010, 101, 10100, 1010010, 10101, 101010, 1010100, 101010010, 1010110, 10110, 1011010, 101101010, 11010, 1101010]",[]
((0(0*|(1+0))*)|(1(1*|(0+1))*))?,(1*0*1*)+(0*1*0*),"[, 010, 01010, 10010, 1001010, 10100, 1010010, 10101, 101010, 1010100, 1010110, 10110, 1011010, 101101010, 11010, 1101010]",[]
(a|baa)*,(a)*(b|aa|a*)*,"[, a, aa, aaa, aab, ab, abb, b]",[]
a+b,(a|b)*,"[, a, aa, b]",[]
(ab|ba)*,((a|b)(a|b))*,"[, aa, aaaa, ab, ba]",[]
a+b,[ab]*[a][b][ab]*,"[aabb, ab, abb, bab, baba, babb, babbb, bbabb]","[babc, cabb]"
(a*ba*b)*a*ba*,(a|b|bb)+,"[a, aa, b, bb]",[]
(0|1)(0|1)|(0|1)(0|1)(0|1),(0|1)*(0|1)*(0|1)*,"[, 00, 000, 0000, 001, 010, 100]",[]
a(a|b)a(a|b)*,a(a|b)+a(a|b)*,"[aaa, aaaa, aaaaa, aaab, aba, abaa]",[]
(a|b)*(bab)(a|b)*,(bab)*(a|b)*(bab)*,"[, abab, baba, babaabab, bababab, babababbab, babbab, babbababab, babbbab]",[]
(a|(b*bb))*,(((b*bb*)|a)?)*,"[, a, bb, bbb, bbbb, bbbbbb]",[]
(a|baa)*,(a)*((b|aa)*a*)*,"[, a, aa, aaaa, aaba, ab, aba, abaa, ababa, abba, ba]",[]
a+b,a+b+,"[aab, ab, abb]","[a, b]"
(a|b)(a|b)+aaa+,(a|b)(a|b)(a|b)*aaa*,"[aaaa, aaaaa, aaaaaa, aaaaaaa, aabaaa, abaa, abaaaa, baaa, baaaaa]",[]
(a|b)(a|b)+aaa+,"(a|b)*(a|b)*a{3,}","[aaa, aaaa, aaaaa, aaaaaa, abaaa, baaaa]",[]
(a*ba*b)*a*ba*,b*((a|b)*(a|b)*)*,"[, aa, b, ba, baa, baaa, baaaa, bab, bba, bbaa]",[]
(0|1)(0|1)*,(1|0)*|(0|1)*,"[, 0, 00, 1, 11]",[]
(a*ba*b)*a*ba*,(a|ab)*(a|ba)*(b|a)*,"[, aa, aaa, aaab, aab, aabb, ab, abab]",[]
a+b,a*b+,"[aab, ab, abb, b]",[a]
(a|baa)*,(a|b(aa*))*,"[, a, aa, ba, baa, baaa]",[]
a+b,a*b*,"[, a, aab, ab, abb, b]",[]
((0(0*|(1+0))*)|(1(1*|(0+1))*))?,0*(1+0+)*1*,"[, 001, 00101, 01, 010, 01001, 0101, 010101, 01011, 011, 01101, 101]",[]
(ab|ba)*,((ab)|(ba))*|(a|b)(a|b)*,"[, a, aa, aaa, ab, abab, b, ba]",[]
(a|(b*bb))*,(a|(b*bb*))*,"[, a, aa, bb, bbb, bbbb]",[]
(a|(b*bb))*,(ab|ba|b|a)*,"[, a, ab, abab, b, ba]",[]
0*10*(10*10*)*,((0|1))*,"[, 0, 00, 1]",[]
(a|b)(a|b)+aaa+,(a|b)*(aaa),"[aaa, aaaa, aaaaa, baaa]",[]
(a|(b*bb))*,(bb)*(a|b)*(bb)*,"[, abb, bba, bbaabb, bbabb, bbabbbb, bbbb, bbbbabb, bbbbb]",[]
(ab|ba)*,(a+b|b+a)*,"[, aab, ab, abab, ba, bba]","[a, b]"
a+b,(a|b)*(ab),"[aaab, aab, ab, bab]",[]
(ab|ba)*,(aa|ab|ba|ba)*,"[, aa, aaaa, ab, ba]",[]
a+b,(aa*b)*,"[, aaab, aab, aabaab, ab]",[]
(a|(b*bb))*,(a|((b|bb)+))*|a*,"[, a, aa, b, bb]",[]
0(0|1)*0,0*(0*1*)*0*,"[, 00, 000, 00010, 001, 0010, 00100, 001010, 00110, 010]",[]
a+b,(a*)+b,"[aab, ab, b]",[]
((0(0*|(1+0))*)|(1(1*|(0+1))*))?,(0*(01)*1*0)*|(1*(10)*0*1)*,"[, 000110, 0010, 0010110, 00110, 0011000110, 001110, 010, 0110, 1001, 101, 110001, 11001, 1100111001, 1101, 1101001, 111001]",[]
(0*10*10*)*|0*,0*(0*1+)*0*,"[, 00, 000, 00010, 001, 0010, 00100, 001010, 00110, 010]",[]
(a|b)(a|b)+aaa+,(a|b)*(aaa)+,"[aaa, aaaa, aaaaa, aaaaaaa, baaa]",[a]
(a|b)(a|b)+aaa+,(a|b)*(aaa)*,"[, a, aaa, aaaa, aaaaa, aaaaaaa, baaa]",[]
(ab|ba)*,(bb|aa|(ab|ba)*)*((aa)*|(bb)*|(ab)*|(ba)*)*,"[, aa, aaaa, abaa, ababaa, baaa, bb, bbaa, bbaaaa, bbab, bbabab, bbba, bbbaba, bbbb, bbbbaa, bbbbbb]",[]
(ab|ba)*,(ab)*(ab|ba|aa|ab)*,"[, ab, abaa, abab, ababab, abba]",[]
(a|b)*baa(a|b)*b,([ab]*(baa)*[ab]*)*b,"[abaabb, b, baabb, bbaaab, bbaab, bbaabaabb, bbaabb, bbaabbb, bbaabbbaabb, bbb, bbbaabb]","[bbaacb, cbaabb]"
((0(0*|(1+0))*)|(1(1*|(0+1))*))?,0*(1+0+)*|1*(0+1+)*,"[, 0, 00, 0010, 01, 010, 0100, 01010, 0110, 1, 10, 1001, 101, 10101, 1011, 11, 1101]",[]
b*a*,(a|b)*,"[, a, aa, b]",[]
(a|b)(a|b)+aaa+,(a|b)(a|b)+aaa*,"[aaaa, aaaaa, aaaaaa, abaa, abaaa, baaa, baaaa]",[]
((0(0*|(1+0))*)|(1(1*|(0+1))*))?,0*|1*|1*(0*1*)*1+|0*(1*0*)*0+,"[, 0, 00, 000, 00100, 010, 0100, 01000, 010100, 011, 01100, 1, 100, 10011, 101, 101011, 1011, 10111, 11, 11011, 111]",[]
(a*ba*b)*a*ba*,b|(b|bbb|bbab|babb|a)*,"[, a, b, babb, bb, bbab, bbb]",[]
001|1010|110,1*0*01*0*,"[0, 0010, 1000, 100010, 1001, 10010, 100100, 100110, 1010, 110010]",[]
(0(0*|1+0)*)|(1(1*|0+1)*),0*|0((11*0)|0)*|1((00*1)|1)*,"[, 0, 00, 010, 0110, 0110110, 01110, 1, 10001, 1001, 1001001, 101, 11]",[]
0*10*(10*10*)*,((0*)1(0*))+,"[0010, 01, 010, 0100, 010010, 1, 10]",[]
b*a*,a+|(a|b)*,"[, a, aa, b]",[]
(a|b)(a|b)+aaa+,b|(a*b*)*aaa,"[aaa, aaaa, aabaaa, abaaa, ababaaa, abbaaa, b, baaa]",[]
(a*ba*b)*a*ba*,(a*ba*a*)*,"[, aabaa, aba, abaa, abaaa, abaaabaa, baa]",[]
(ab|ba)*,((aa)*|(bb)*)((aa)*|(bb)*)*|(ba|ab)(ab|ba)*,"[, aa, aaaa, aaaaaa, aabb, aabbbb, ab, abab, ba, baab, baabab, baba, bbaa, bbbbaa]",[]
a(a|b)a(a|b)*,(a)(a|b)*,"[a, aa, aaa, ab]",[]
a+b,(a|b)*b,"[aab, ab, b, bb]",[]
(a|b)*baa(a|b)*b,[ab]*[baa][ab]*b,"[aabb, ab, abb, baab, bab, babb, babbb, bbabb, bbbb]","[bacb, bcbb, cabb]"
(a|b)*baa(a|b)*b,(a|ba*)+b,"[aab, ab, baab, bab, bb]",[b]
(ab|ba)*,((ab)|(ba))*((a|b)(a|b))*,"[, aa, ab, abaa, abaaaa, abab, ababaa, abba, baaa]",[]
(ab|ba)*,(ab|aa|bb|ba)*(a+b)*,"[, aaab, ab, abaab, abab, ababab, baab, bbab]",[abb]
a+b,a+b*,"[a, aab, ab, abb]",[b]
((a|b)a*ba)*(((a|b)a*b)?),((((a|b)a*b))|((a|b)a*ba))*,"[, aaab, aaaba, aab, aaba, aabaab, ab, aba, bab, baba]",[]
0*10*(10*10*)*,0*1(11)*(0|1)*,"[001110, 010, 0111, 01110, 011100, 01111, 0111110, 1, 1110]",[]
((a|b)a*ba)*(((a|b)a*b)?),(a?)|((a|b)a*b(a?))*,"[, a, aaaba, aab, aaba, aabaaaba, aba, baba]","[aa, aabaa]"
b*a*,a(a)*|(ab)*b*a*,"[, a, aa, aaa, aba, ababba, abb, abba, abbaa, abbba, ba]",[]
(a|baa)*,a*(b+aaa*)*,"[, a, aaaa, aabaaa, abaa, abaaa, abaaaa, abaaabaaa, abbaaa, baaa]",[]
(ab|ba)*,(bb|aa|aabb|abab|abba|baba|bbaa|baab)*(aa|bb|ab|ba)*,"[, aa, aaaa, aabbaa, ababaa, abbaaa, baabaa, babaaa, bb, bbaa, bbaaaa, bbab, bbba, bbbb, bbbbaa]",[]
(a|b)(a|b)+aaa+,(((a|b)+)+)aaa,"[aaaa, aaaaa, baaa]",[aaa]
((a|b)a*ba)*(((a|b)a*b)?),((a|b)a*(b|ba))*,"[, aaab, aab, aaba, aabaab, ab, bab]",[]
(a|(b*bb))*,(a|b|bb)*,"[, a, aa, b, bb]",[]
(0*10*10*)*|0*,(0*(1+0*1+)*0*)*,"[, 00, 001010, 010010, 0101, 01010, 010100, 0101001010, 010110, 01011010, 0110, 011010, 1010]","[0010, 0100]"
1?(01)*0?,((1)?(0)?)*,"[, 0, 1, 10, 100, 1010, 110]",[]
(ab|ba)*,((ab)*(ba)*)*|abb*a*b*ba,"[, ab, ababba, abba, abbaabba, abbaba, abbabba, abbabbba, abbbabba, abbbba, ba]",[]
a+b,a|b*a*b,"[a, ab, b, baab, bab, bb, bbab]",[]
b*a*,(a|b)*a(a|b)*|b*a*,"[, a, aa, aaa, aaaa, aab, b, ba, baa, bba]",[]
(a|(b*bb))*,(a|bb*)*,"[, a, aa, b, bb, bbb]",[]
(a*ba*b)*a*ba*,(a*)b((a*)|(b+(a*)+b))+(a*),"[aabaa, aba, abaa, abaaa, abbaaba, abbaba, abbba, abbbaba, b, baa, bbb]",[ababa]
((0(0*|(1+0))*)|(1(1*|(0+1))*))?,0*|1*|(1*0+1+)*|(0*1+0+)*,"[, 0, 00, 0010, 01, 010, 0100, 010010, 0110, 1, 10, 1001, 101, 1011, 101101, 11, 1101]",[]
(ab|ba)*,(ab(ab)*)*((a|b)(a|b))*,"[, aa, abaa, abab, ababaa, ababaaaa, ababab, abababaa, ababababaa, ababba]",[]
(a|b)(a|b)+aaa+,aaa(a)*|(a|b)*baaa(a)*,"[aaa, aaaa, aaaaa, aabaaaa, abaaa, abaaaa, abaaaaa, baaa, baaaa, bbaaaa]",[]
(a|baa)*,(a|(a*b*(aa)a*)*)*,"[, a, aa, aaaa, aabaaa, abaa, abaaa, abaaaa, abaaaabaaa, abbaaa, baaa]",[]
(a|b)(a|b)+aaa+,(aa|ab|ba|bb)*(a|b)*aaa,"[aaa, aaaa, aaaaa, aaaaaa, aaaaaaa, aaaaaaaa, aabaaa, abaaaa, baaaaa, bbaaaa]",[]
(a|baa)*,a*|(a|b)*aa,"[, a, aa, aaa, aaaa, baa]",[]
a+b,a|a*b,"[a, aab, ab, b]",[]
(ab|ba)*,(ab|ba?)*(aa|ab|bb|ba)*,"[, aa, ab, abaa, abaaaa, abab, ababaa, abba, abbb, baa, baaa, baaaa]",[]
001|1010|110,001|110|10101|1010,"[001, 1010, 10101, 110]",[]
((a|b)a*ba)*(((a|b)a*b)?),(((a|b)a*ba)|((a|b)a*b))*,"[, aaab, aaaba, aab, aaba, aabaaaba, ab, aba, bab, baba]",[]
(a*ba*b)*a*ba*,(a*b+a*)*,"[, aaba, ab, aba, abaa, abaaba, abba, ba]",[aa]
(a*ba*b)*a*ba*,([ab](a)*(bb)*)*,"[, aabb, ba, baabb, babb, babbbabb, babbbb, bbb]",[cabb]
/#(/|a|b|##*(a|b))*##*/,/#*(a|b|/|(#*(a|b)))*#*/,"[/###a#/, /##/, /##a#/, /##b#/, /#/#/, /#a##/, /#a#/, /#a/, /#aa#/, /#b#/, //, /a#/]",[]
(a|b)(a|b)+aaa+,(a|b)+aaa,"[aaaa, aaaaa, baaa]",[aaa]
(ab|ba)*,((aa)*|(bb)*)(aa|bb|ab|ba)*,"[, aa, aaaa, aaaaaa, aaab, aaba, aabb, bbaa, bbbbaa]",[]
(a*ba*b)*a*ba*,(a*|b?)+,"[, a, aa, b, bb]",[]
(a|b)(a|b)+aaa+,(a|b)+(aaa)+,"[aaaa, aaaaa, aaaaaaa, baaa]","[a, aaa]"
(ab|ba)*,(aa|bb|ab|ba)*,"[, aa, aaaa, ab, ba, bb]",[]
((0(0*|(1+0))*)|(1(1*|(0+1))*))?,((1+0*1+)*)|((0+1*0+)*)|(0|1)*,"[, 0, 00, 0010, 01, 010, 0100, 010010, 0110, 1, 10, 1001, 101, 1011, 101101, 11, 1101]",[]
(a*ba*b)*a*ba*,a*b+(a|ba*b)*,"[aaba, ab, aba, abaa, abba, abbaab, abbab, abbb, b, ba]",[aa]
0(0|1)*0,(0*)(0*1*)*(0*),"[, 00, 000, 00010, 001, 0010, 00100, 001010, 00110, 010]",[]
(a|baa)*,[a]*[baa]*,"[, a, aa, aaa, ab]",[ac]
(a*ba*b)*a*ba*,(((a*)*(b*))*(b*))+b+(((a*)*(b*))*(b*)),"[aabbbabb, ababbbabb, abbabb, abbabbbabb, abbbaabb, abbbab, abbbababb, abbbabb, abbbabbb, abbbb, abbbbabb, abbbbb, b, babb, bbabb, bbbabb]",[]
(a|(b*bb))*,(a|(b*b)*)*,"[, a, aa, b, bb, bbb, bbbb]",[]
(ab|ba)*,(((aa)|(bb)|(ab)|(ba))?)*,"[, aa, aaaa, ab, ba, bb]",[]
(0(0*|1+0)*)|(1(1*|0+1)*),(0+(1*0)*)*|(1+(0*1)*)*,"[, 0, 00, 0010, 010, 010010, 01010, 0110, 1, 1001, 101, 10101, 101101, 11, 1101]","[01, 10]"
(a|b)*baa(a|b)*b,(a|b)*|(baa)+b,"[, a, aa, b, baab, baabaab]",[]
(a|b)(a|b)+aaa+,(aa|ab|ba|bb|b|a)*(aaa)a*,"[aaa, aaaa, aaaaa, aaaaaa, aaaaaaa, aaaaaaaa, abaaaa, baaaa, baaaaa, bbaaaa]",[]
0(0|1)*0,(0)*(0*1*)*(0)*,"[, 00, 000, 00010, 001, 0010, 00100, 001010, 00110, 010]",[]
((a|b)a*ba)*(((a|b)a*b)?),((((a|b)a*ba)|((a|b)a*b))*)?,"[, aaab, aaaba, aab, aaba, aabaaaba, ab, aba, bab, baba]",[]
(a|b)(a|b)+aaa+,(ab|aa|bb|ba)*aaa*,"[aa, aaa, aaaaa, abaa, abaaa, abaaaa, ababaaa, baaaa, bbaaa]",[]
(a|baa)*,(a*)+(a*|(b+a+a))+(a*),"[, aa, aaa, aaaa, abaa, abaaa, abaaaa, abbaaa, baa]",[]
(0*10*10*)*|0*,((0*|1)*(0*|1)*)*,"[, 0, 00, 000, 0000, 01, 10]",[]
(a|b)*baa(a|b)*b,(b*a*|a*b*)*(baa)+(b*a*|a*b*)*,"[aabbaaba, abaaba, abbaaba, abbbaaba, baa, baaba, baabaaba, babaa, babaaa, babaaaab, babaaab, babaaabb, babaab, babaaba, babaabaa, babaabaaba, babaababa, babaabba, bababaaba, bbaaba, bbabaaba]",[baba]
(a|b)*baa(a|b)*b,(baa)*(a|b)*(baa)*b,"[abaab, b, baaaabaab, baaab, baaabaab, baaabaabaab, baabaaabaab, baabaab, baabbaab]",[]
(0|1)(0|1)|(0|1)(0|1)(0|1),(0|1)?(0|1)?(0|1)?,"[, 00, 000, 001, 010, 100]",[0000]
(a|b)*(bab)(a|b)*,(a*b*(bab)*a*b*)*,"[, aabbabab, abab, ababab, abbaba, abbabaab, abbabab, abbabababbabab, abbababb, abbabb, abbabbabab, abbbabab, bbabab]",[]
(a|(b*bb))*,(a*(bb*)*a*)*,"[, aa, aabba, aba, abb, abba, abbaa, abbaabba, abbba, abbbba, bba]",[]
(0(0*|1+0)*)|(1(1*|0+1)*),0|1|(0(1*0*)*0)*|(1(0*1*)*1)*,"[, 0, 00, 000, 010, 0100, 01000, 01000100, 010100, 01100, 1, 10011, 101, 101011, 1011, 10111, 10111011, 11, 111]",[]
(a|b)(a|b)+aaa+,(a|b)(a|b)*aaa(a)*,"[aaaa, aaaaa, aaaaaa, aaaaaaa, abaaaa, baaa, baaaaa]",[]
(a|(b*bb))*,(a*|(b*bb*)+)*,"[, a, aa, bb, bbb, bbbb, bbbbbb]",[]
a+b,(a|b)+b,"[aab, ab, bb]",[b]
(a*ba*b)*a*ba*,(a|b)*(b)(a|b)*,"[aaba, ab, aba, abaa, abb, b, ba, bba]",[]
001|1010|110,(001|1010|110)+,"[001, 001001, 1010, 110]",[]
((0(0*|(1+0))*)|(1(1*|(0+1))*))?,((0*1*0*)|(1*0*1*))*,"[, 00, 0010, 01, 010, 0100, 010010, 0110, 10, 1001, 101, 1011, 11, 1101]",[]
(0|10*1)*,(0*1?0*1?0*)*,"[, 0010, 001010, 0100, 010010, 0101, 01010, 010100, 0101001010, 010110, 0110, 011010, 1010]",[]
(a*ba*b)*a*ba*,a*b(a*|ba*|b)*a*,"[aabaa, aba, abaa, abaaa, abba, abbaa, abbaaa, b, baa]",[]
001|1010|110,(001|1010|110)*,"[, 001, 001001, 1010, 110]",[]
(0|10*1)*,(0*(10)*1*)*0*,"[, 0, 001010, 010, 0100, 0101, 01010, 010100, 0101010, 010101010, 010110, 1010]",[]
/#(/|a|b|##*(a|b))*##*/,(/#)|((a|b|/?)|#)*|(#/),"[, #, #/, /, /#, //, a, aa, b]",[]
(a*ba*b)*a*ba*,(((a*)+b+(a*)+b+(a*))|(a*))+b+(((a*)+b+(a*)+b+(a*))|(a*)),"[aabababa, aabababababa, abaababababa, ababaabababa, ababaabababababa, ababab, abababa, abababaa, abababaababa, ababababaaba, ababababab, abababababa, abababababaa, abababababba, ababababba, ababababbaba, abababbaba, abababbababa, ababbababa, ababbabababa, abbabababa, abbababababa, bababa, bababababa, bbb, bbbbb]","[aababababa, abaabababa, ababaababa, abababaaba, ababababaa]"
a(a|b)a(a|b)*,a(a|b)*aa*b*,"[aa, aaaa, aaaaab, aaaab, aaaabb, aaab, abaab]",[]
((a|b)a*ba)*(((a|b)a*b)?),(((a|b)a*ba)*|((a|b)a*b))*,"[, aaab, aaaba, aab, aaba, aabaaaba, ab, aba, bab, baba]",[]
(a|(b*bb))*,a?(a|bb*)*,"[, a, aa, aaa, ab, abb, abbb]",[]
(a|b)*baa(a|b)*b,(a|b)*(baa)*(a|b)*b,"[aab, aabaaab, abaaaab, abaaab, abaab, abaabaaab, abaabb, b, baaab, bbaaab]",[]
(a|baa)*,(b|aa|a)*,"[, a, aa, b, bb]",[]
(ab|ba)*,((ab)|(ba))*((ab)|(ba)|(aa)|(bb))*,"[, ab, abaa, abab, ababab, abba, abbb, baab]",[]
0(0|1)*0,(0|(0|1)*0),"[0, 00, 000, 10]",[]
(a|(b*bb))*,(a|b)*bb(a|b)*|a*,"[, a, aa, aabba, abb, abba, abbaa, abbb, bb, bba, bbba]",[]
((a|b)a*ba)*(((a|b)a*b)?),(((a|b)a*b)a*)*,"[, aaaba, aab, aaba, aabaa, aabaaaba, aba, baba]",[]
(a|b)*baa(a|b)*b,(a|b|baa)*b,"[aab, ab, b, baab, bb]",[]
b*a*,a*b*a*,"[, aa, aaba, ab, aba, abaa, abba, ba]",[]
001|1010|110,001|10101|1010|110,"[001, 1010, 10101, 110]",[]
(b|(a*aa))*,(b*|ab+)*aa(a|b)*|b*,"[, aa, aaa, aaaa, abaaa, abbaaa, b, baa, baaa, baaaa, baab, bb, bbaaa]",[]
(a|b)*(bab)(a|b)*,(a*|b*)*|bab|(a*|b*)*,"[, a, aa, b, bab, bb]",[]
(ab|ba)*,(bb|aa|aabb|abab|abba|baba|bbaa|baab)*((aa)|(bb)|(ab)|(ba))*,"[, aa, aaaa, aabbaa, ababaa, abbaaa, baabaa, babaaa, bb, bbaa, bbaaaa, bbab, bbba, bbbb, bbbbaa]",[]
(0*10*10*)*|0*,(0*|1)*,"[, 0, 00, 1]",[]
(ab|ba)*,(aabb|abab|abba|bbaa|baba|baab)*(aa|ab|ba|bb)*,"[, aa, aabb, aabbaa, aabbaaaa, aabbaabbaa, aabbab, aabbba, aabbbb, ababaa, abbaaa, baabaa, babaaa, bbaaaa]",[]
a+b,[a]*[ab],"[aa, aab, ab, b]",[ac]
((0(0*|(1+0))*)|(1(1*|(0+1))*))?,(0*1*)*((10)*(0*1*)*(01)*)*(0*1*)*,"[, 00110010101, 010010101, 0101, 01010101, 010110010101, 011000101, 01100010101, 01100101, 011001010, 01100101001, 0110010101, 011001010101, 01100101011, 011001011, 0110010110010101, 01100110101, 011010010101, 011010101, 01110010101, 10010101, 110010101]",[]
(0*10*10*)*|0*,(0?1?0*1?0*)*,"[, 0010, 001010, 0100, 010010, 0101, 01010, 010100, 0101001010, 010110, 0110, 011010, 1010]",[]
a+b,(a*)b,"[aab, ab, b]",[]
(a|(b*bb))*,((a|b)*bb(a*b*))|a*,"[, a, aa, aabbab, abba, abbaab, abbab, abbabb, abbb, bb, bbab, bbbab]",[]
(a|(b*bb))*,(a)*(ab|ba|b|a)*(a)*,"[, aa, aaa, aaaba, aab, aaba, aabaa, aababa, aba, abaa]",[]
(ab|ba)*,((ab)|(ba))*((a|b)(b|a))*,"[, ab, abaa, abab, ababab, abbb, baab]",[]
(a|b)(a|b)+aaa+,(a|b)+aaa(a)*,"[aaaa, aaaaa, aaaaaa, baaa, baaaa]",[]
(ab|ba)*,(aa|bb)*|(ab|ba)*,"[, aa, aaaa, ab, abab, ba, bb]",[]
(a|b)*baa(a|b)*b,((b|a)*b+a+a*(b|a)+b),"[abaabb, baab, baabb, babb, bbaaab, bbaaabb, bbaab, bbaabb, bbaabbb, bbabb, bbbaabb]",[]
(a|b)(a|b)+aaa+,(a|b)+(aaa),"[aaaa, aaaaa, baaa]",[aaa]
(a*ba*b)*a*ba*,a*b(a*b)*a*,"[aababa, aba, abaaba, abab, ababa, ababaa, abababa, abba, b, baba]",[]
0*(10*1)*0*,0*(10*10*)*,"[, 0, 001010, 010010, 0101, 01010, 010100, 010101010, 0110, 1010]",[]
(a|(b*bb))*,(a|b*bb*)*,"[, a, aa, bb, bbb, bbbb]",[]
(ab|ba)*,(ab|ba)*(aabb+bbaa+baba+abab)*,"[, aabbbbaababaabab, ab, abaabbbbaaababaabab, abaabbbbaababaaabab, abaabbbbaababaabab, abaabbbbaababaababaabbbbaababaabab, abaabbbbbaababaabab, ababaabbbbaababaabab, baaabbbbaababaabab]","[abaabbbaababaabab, abaabbbbaabababab, abaabbbbababaabab]"
((0(0*|(1+0))*)|(1(1*|(0+1))*))?,(0*(0|1)*0*)|(1*(0|1)*1*),"[, 00, 000, 0000, 01, 010, 10, 1001, 101, 1011, 11, 1101, 111]",[]
(a*ba*b)*a*ba*,((a*(bb)*a*)ba*)+,"[aaba, aabbaba, abbaaba, abbab, abbaba, abbabaa, abbabaabbaba, abbba, abbbbaba, b, bbaba]",[]
(ab|ba)*,((ab|ba)*(aa|ab|bb|ba)*)+(ab|ba)*,"[, aaab, ab, abaa, abaaaaab, abaaab, abaaabaaab, abaaabab, abaaba, abab, ababaaab, ababab, abbaab, abbbab, baaaab]",[]
(a|b)*(bab)(a|b)*,(a|b)*(bab)*(a|b)*(bab)*(a|b)*,"[, aababa, aababababa, ababaa, ababaababa, abababab, ababababa, ababababaa, ababababb, ababababbaba, ababbaba, ababbabababa, ababbbaba, babababa, bbabababa]",[]
(a|baa)*,(a*|baa*)*,"[, a, aa, ba, baa, baaa]",[]
(a|b)(a|b)+aaa+,(a|b)*(a|b)*aaa,"[aaa, aaaa, aaaaa, aaaaaa, abaaa, baaaa]",[]
a+b,(aa*)b+,"[aaab, aab, aabb, ab]",[aa]
(0(0*|1+0)*)|(1(1*|0+1)*),(0+1*0+)*|((1+0*)*10+1+)*|1*|0+(1+0+)*|1*,"[, 0, 00, 0010, 010, 0100, 010010, 01010, 0110, 1, 100101, 101, 101001, 10101, 1010101, 101011, 1010110101, 1011, 11, 1101, 110101]","[01, 0101, 10, 1010]"
a+b,(a)*(b+),"[aab, ab, abb, b]",[a]
(ab|ba)*,((ab)|(ba))*((ab)|(ba)|(bb)|(aa))*,"[, ab, abaa, abab, ababab, abba, abbb, baab]",[]
((0(0*|(1+0))*)|(1(1*|(0+1))*))?,0*|1*|0*(1*0*)*|1*(0*1*)*,"[, 0, 00, 0010, 01, 010, 0100, 01010, 0110, 1, 10, 1001, 101, 10101, 1011, 11, 1101]",[]
((0(0*|(1+0))*)|(1(1*|(0+1))*))?,0*|1*|(0*1+0*1+0*)*|(1*0+1*0+1*)*,"[, 0, 00, 0010, 001010, 0100, 010010, 0101, 01010, 010100, 0101001010, 010110, 0110, 011010, 1, 1001, 100101, 1010, 101001, 10101, 101011, 1010110101, 1011, 101101, 11, 1101, 110101]",[]
(ab|ba)*,(aa*|bb*)*,"[, a, aa, aaa, aaaa, b, bb, bbb]",[]
(0(0*|1+0)*)|(1(1*|0+1)*),0*|1*|1+(0+1+)*|0+(1+0+)*,"[, 0, 00, 0010, 010, 0100, 01010, 0110, 1, 1001, 101, 10101, 1011, 11, 1101]","[01, 10]"
(a|b)(a|b)+aaa+,((a|b)*(a|b))aa(a)*,"[aaa, aaaa, aaaaa, aaaaaa, abaaa, baa, baaaa]",[]
0(0|1)*0,0*(1|0)*0*,"[, 00, 000, 0010, 01, 010, 0100, 0110, 10]",[]
(a|b)(a|b)+aaa+,(a|b)(a|b)(a|b)*(aaa(a)*)*,"[aa, aaa, aaaaaa, aaaaaaa, aaaaaaaa, aaaaaaaaaaa, aabaaaa, ab, abaaaaa, ba, baaaaaa]",[]
(ab|ba)*,((aa)|(bb)|(ab)|(ba))*,"[, aa, aaaa, ab, ba, bb]",[]
0*10*(10*10*)*,(0|1)*1(0|1)*,"[0010, 01, 010, 0100, 011, 1, 10, 110]",[]
(0|10*1)*,1*|(0|1)*,"[, 0, 00, 1, 11]",[]
0(0|1)*0,(0+(0|1)*0+)*,"[, 00, 000, 0000, 000000, 010]",[]
b*a*,(b|a)*,"[, a, b, bb]",[]
(a|baa)*,(baa*|a*)*,"[, a, aa, ba, baa, baaa, baabaa]",[]
(ab|ba)*,((ab)*(ba)*)*|abb*ba,"[, ab, ababba, abba, abbaabba, abbaba, abbba, abbbba, ba]",[]
(a*ba*b)*a*ba*,(a|(ab)*b)+(ba)*,"[a, aaba, aba, ababa, ababbba, abbba, b, ba, bba]",[]
(ab|ba)*,(ab|ba)*(aa|bb|ba|ab)*,"[, aa, ab, abaa, abaaaa, abab, ababaa, abba, abbb, baaa]",[]
b*a*,(a+)*b*a*,"[, aa, aaba, ab, aba, abaa, abba, ba]",[]
a+b,(a)*(b)*,"[, a, aab, ab, abb, b]",[]
a(a|b)a(a|b)*,a+(a|b)+a+(a|b)*,"[aaa, aaaa, aaaaa, aaab, aba, abaa]",[]
/#(/|a|b|##*(a|b))*##*/,(/#((a|b|/)*#*)*#/)*,"[, /###/, /##/, /#/##/, /#a###/, /#a##/, /#a##//#a##/, /#a#/, /#a#a##/, /#aa##/, /#b##/]",[]
(0(0*|1+0)*)|(1(1*|0+1)*),(0(0*|(0*1+0+))*|1(1*|1*0+1+)*)?,"[, 0, 00, 000, 0000, 00010, 0010, 00100, 00110, 010, 1, 101, 11, 11001, 1101, 11011, 111, 11101]","[001, 110]"
((0(0*|(1+0))*)|(1(1*|(0+1))*))?,(0*)|(1*)|((0+1+)*(0+1+0+)*)|((1+0+)*(1+0+1+)*),"[, 0, 00, 0010, 001010, 01, 010, 0100, 010010, 0101, 01010, 010100, 01010010, 0101010, 010110, 0110, 011010, 1, 10, 1001, 100101, 101, 1010, 101001, 10101, 1010101, 101011, 10101101, 1011, 101101, 11, 1101, 110101]",[]
b*a*,(((a+)|b+a*))*,"[, a, aa, b, ba, baa, bba]",[]
a+b,(a+)*(b),"[aab, ab, b]",[]
a+b,a(a*b*)*b,"[aaabb, aab, aababb, aabb, aabbb, ab, abb]",[]
(ab|ba)*,(a*|b*)*(aa|ab|ba|bb)*,"[, a, aa, aaa, aaaa, aaaaa, aab, aba, abb, baa, bbaa]",[]
(a*ba*b)*a*ba*,(a*)+b+((a*)|(b+(a*)+b))+(a*),"[aabaa, aba, abaa, abaaa, abbaa, abbaaba, abbaba, abbba, abbbaba, b, baa, bbb]","[aaa, ababa]"
(0|1)(0|1)|(0|1)(0|1)(0|1),(0|1)(0|1)?(0|1)?,"[0, 00, 000, 001, 010, 1, 100]",[0000]
(ab|ba)*,((ab)|(ba))*(aa|ab|ba|bb)*,"[, aa, ab, abaa, abaaaa, abab, ababaa, abba, abbb, baaa]",[]
(a|b)(a|b)+aaa+,(ab|aa|ba|bb)*(aaa)*,"[, aaa, aaaaa, ab, abaaa, abaaaaaa, ababaaa, baaaa, bbaaa]",[]
(ab|ba)*,(ab|ba)*|(aa|ab|bb)*,"[, aa, aaaa, ab, abab, ba, bb]",[]
a+b,(a)*b,"[aab, ab, b]",[]
a+b,(a*b{1}),"[aab, ab, b]","[a, abb]"
(a*ba*b)*a*ba*,(a*(b|bbb)*)*,"[, a, aab, ab, abab, abb, abbb, b]",[]
(a*ba*b)*a*ba*,b|(bb*|a*|bab*)*,"[, a, aa, b, ba, bab, babb, bb, bbb, bbbb]",[]
(a|b)(a|b)+aaa+,"[ab]{2,}","[ab, bb]","[b, cb]"
((a|b)a*ba)*(((a|b)a*b)?),((a|b)(a|bb|ba(a|b))*(b|ba))?,"[, aaab, aab, aaba, aabaab, ab, abaab, ababb, abbb, bab]",[]
001|1010|110,(0|1)*(01)*(0|1)*,"[, 00, 00010, 001, 0010, 00100, 001010, 0011, 010, 1010]",[]
(0(0*|1+0)*)|(1(1*|0+1)*),((10*)*1+)*|((01*)*0+)*,"[, 0, 00, 010, 0100, 010010, 01010, 0110, 1, 1001, 101, 10101, 1011, 101101, 11]","[01, 10]"
(a|b)(a|b)+aaa+,(a*|b*)+(a*|b*)+aaa+,"[aaa, aaaa, aaaaa, aaaaaa, abaaa, abbaaa, baaaa, bbaaaa]",[]
a(a|b)a(a|b)*,a(a|b)(a|b)*,"[aa, aaa, aaaa, aab, ab, aba]",[]
(ab|ba)*,((ab)*(a|b)(a|b)|(ba)*(a|b)(a|b))*,"[, aa, abaa, abaaabaa, abab, ababaa, abba, baaa, baab, baba, babaaa]",[]
(a|b)(a|b)+aaa+,(a*b*)*a*a*a,"[a, aaa, aaaa, aabaaa, abaa, abaaa, abaaaa, ababaaa, abbaaa, baaa]",[]
(a|b)(a|b)+aaa+,(a|b)+(a|b)*aaa,"[aaaa, aaaaa, aaaaaa, abaaa, baaa, baaaa]",[]
(a*ba*b)*a*ba*,((a|b)*|(a|bb)*)*b((a|bb)*|(a|b)*),"[aaba, ab, aba, abaa, abb, abbb, b, ba, bba, bbba]",[]
(ab|ba)*,(ab|ba)*(ab|ba|aa|ab)*,"[, ab, abaa, abab, ababab, abba, baab]",[]
/#(/|a|b|##*(a|b))*##*/,(/#((a|b|/)#*)*#/)*,"[, /##/, /#/##/, /#a###/, /#a##/, /#a##//#a##/, /#a#/, /#a#a##/, /#b##/]",[]
((0(0*|(1+0))*)|(1(1*|(0+1))*))?,0*(01*0*)*|1*(10*1*)*,"[, 0, 000, 00010, 001, 0010, 00100, 0010010, 00110, 010, 1, 101, 110, 11001, 1101, 11011, 1101101, 111, 11101]",[]
(ab|ba)*,(a|b)*(a|b)*,"[, a, aa, aaa, ab, ba]",[]
(0(0*|1+0)*)|(1(1*|0+1)*),(0?)|1|(0(0|1)*0)|(1(0|1)*1),"[, 0, 00, 000, 0000, 010, 1, 1001, 101, 11, 111]",[]
(a|baa)*,(a|b|baa+)*,"[, a, aa, b, ba, baa, baaa]",[]
(ab|ba)*,(ab|ba|aabb|bbaa)*(aa|ab|ba|bb)*,"[, aa, aabbaa, ab, abaa, abaaaa, abab, ababaa, abba, abbb, baaa, bbaaaa]",[]
a+b,[a]*b,"[aab, ab, b]",[]
0*10*(10*10*)*,(0*10*)*0*10*,"[0010010, 010, 0100010, 01001, 010010, 0100100, 010010010, 01010, 1, 10010]",[]
0(0|1)*0,0*|0(0*1*)*0,"[, 0, 00, 000, 00010, 0010, 001010, 00110, 010]",[]
(a|b)(a|b)+aaa+,[ab]*a{3},"[aaa, aaaa, baaa, baaaa, bbaaa]","[baa, caaa]"
b*a*,((a*)|(b+a*))*,"[, a, aa, b, ba, baa, bba]",[]
(a|b)*baa(a|b)*b,(a*|b*|baa)+b+,"[aab, ab, abb, b, baab, bb, bbb]",[a]
(0|1)(0|1)|(0|1)(0|1)(0|1),[01]*[10]*,"[, 0, 00, 1, 10, 100, 11, 110]","[12, 20]"
b*a*,((a)+|b+a*)*,"[, a, aa, b, ba, baa, bba]",[]
(a|b)*(bab)(a|b)*,(a|b|bab)*(bab)*,"[, a, aabab, abab, ababbab, bab, babbab, bbab]",[]
a+b,(a*)(b{1}),"[aab, ab, b]","[a, abb]"
(a|b)(a|b)+aaa+,(aa|ab|ba|bb)*(a|b)*(aaa),"[aaa, aaaa, aaaaa, aaaaaa, aaaaaaa, aaaaaaaa, aabaaa, abaaaa, baaaaa, bbaaaa]",[]
0*10*(10*10*)*,(0|1)*,"[, 0, 00, 1]",[]
(a|b)(a|b)+aaa+,((a|b)|(b|a))(a|b)*(a)(a)(a)(a*),"[aaaa, aaaaa, aaaaaa, aaaaaaa, abaaaa, baaa, baaaaa]",[]
b*a*,aa*|(a?|b)*(a|b?)*,"[, a, aa, aaa, ab, abb, ba]",[]
a+b,a(a|b)*b,"[aaab, aab, ab, abb]",[]
((0(0*|(1+0))*)|(1(1*|(0+1))*))?,(1|0|(1+(0*1*)*1+)*|(0+(1*0*)*0+)*)*,"[, 0, 00, 000, 00100, 010, 0100, 01000, 01000100, 010100, 011, 01100, 1, 100, 10011, 101, 101011, 1011, 10111, 10111011, 11, 11011, 111]",[]
(a|b)(a|b)+aaa+,(a|b)(a|b)*(aaa)(a)*,"[aaaa, aaaaa, aaaaaa, aaaaaaa, abaaaa, baaa, baaaaa]",[]
(ab|ba)*,(ab|ba)*|(aa|bb)*,"[, aa, aaaa, ab, abab, ba, bb]",[]
(a*ba*b)*a*ba*,a*b+(a*|(b(a*)b))+a*,"[aabaa, aba, abaa, abaaa, abbaa, abbaaba, abbaba, abbba, b, baa, bbb]",[aaa]
(ab|ba)*,(aa|bb)|(ab|ba)*,"[, aa, ab, abab, ba, bb]",[]
(0(0*|1+0)*)|(1(1*|0+1)*),(((0+1*)*0+)*|((1+0*)*1+)*)*,"[, 0, 00, 0010, 01, 010, 0100, 010010, 01010, 0110, 1, 10, 1001, 101, 10101, 1011, 101101, 11, 1101]",[]
b*a*,((a+)|a*b+a*)*,"[, a, aa, aaba, ab, aba, abaa, abba, ba]",[]
0*10*(10*10*)*,0*(11)*1(0|1)*,"[001110, 010, 0111, 01110, 011100, 01111, 0111110, 1, 1110]",[]
(a|b)(a|b)+aaa+,"(a|b)*a{3,}","[aaa, aaaa, aaaaa, baaa]",[]
(ab|ba)*,(ab)*(aa|ab|ba|bb)*,"[, aa, ab, abaa, abaaaa, abab, ababaa, abba, abbb]",[]
(a|b)(a|b)+aaa+,[ba]*aaa,"[aaa, aaaa, aaaaa, baaa]",[caaa]
(a|(b*bb))*,(a|b)*bb(a|b?)*|a*,"[, a, aa, aabba, abb, abba, abbaa, abbb, abbbb, bb, bba, bbba]",[]
b*a*,(a*)(b*)(a*),"[, aa, aaba, ab, aba, abaa, abba, ba]",[]
0*(10*1)*0*,(0*10*10*)*|0*,"[, 0, 00, 001010, 010010, 0101, 01010, 010100, 0101001010, 0110, 1010]",[]
(0|1)(0|1)*,(0|1)*,"[, 0, 00, 1]",[]
(a*ba*b)*a*ba*,(a|(ab)*b)*(ba)*,"[, a, aaba, aba, ababa, ababbba, abbba, ba, bba]",[]
b*a*b*|(a*bb+a*)*,(b|aa*bb)*((aa*(b?))?),"[, aaabbaab, aab, aabbaab, abbaab, b, baa, baaab, baab, baabb, bab, bbaab]",[baabaab]
(a*ba*b)*a*ba*,((a*|a*ba*(ba*ba*)*a*)|b),"[, a, aa, aabababaa, abaa, abaababaa, ababaabaa, abababa, abababaa, abababaaa, abababababaa, ababbaa, abbabaa, b, bababaa]",[]
(a|(b*bb))*,(a|b*b)*,"[, a, aa, b, bb, bbb]",[]
((0(0*|(1+0))*)|(1(1*|(0+1))*))?,((01*0*)|(10*1*))*,"[, 00, 01, 010, 0100, 010010, 0110, 10, 1001, 101, 1011, 11]",[]
(0(0*|1+0)*)|(1(1*|0+1)*),1*(0+1+)*|0*(1+0+)*,"[, 0, 00, 0010, 01, 010, 0100, 01010, 0110, 1, 10, 1001, 101, 10101, 1011, 11, 1101]",[]
0*10*(10*10*)*,(0*(10*1)*0*10*)*,"[, 0010, 00101010, 01001010, 01010010, 010101, 0101010, 01010100, 01010100101010, 010110, 0101101010, 011010, 101010]",[]
((0(0*|(1+0))*)|(1(1*|(0+1))*))?,(0*1*(01)*0*1*(10)*0*1*)*,"[, 00101011001, 001011001, 01010011001, 010101001, 01010101, 010101011001, 010101100, 01010110001, 0101011001, 01010110010101011001, 01010110011, 010101101, 010101101001, 01010111001, 01011001, 010111001, 01101011001, 101011001]",[]
(a|baa)*,"(a*(b*a{2,})*)*","[, a, aaa, aabaa, abaa, abaaabaa, abaabaa, abbaa, baa]",[aba]
((0(0*|(1+0))*)|(1(1*|(0+1))*))?,((01)*(0|1)+(10)*)*,"[, 010, 010010, 01010, 0101001010, 0101010, 0110, 01110]",[]
(ab|ba)*,(ab|aabb|ba)*,"[, aabb, ab, abab, ba]",[]
(ab|ba)*,(aa|ab|bb|ba)*,"[, aa, aaaa, ab, ba, bb]",[]
0(0|1)*0,0*|0(1|0)*0|1*|1(1|0)*1?,"[, 0, 00, 000, 010, 0110, 1, 101, 11, 111, 1111]",[]
(a|b)*(bab)(a|b)*,(a|b)*,"[, a, aa, b]",[]
(a|b)(a|b)+aaa+,(a|b)(a|b)*(aa)(a)*,"[aaa, aaaa, aaaaa, aaaaaa, abaaa, baa, baaaa]",[]
(a|b)*(bab)(a|b)*,(a|b|bab)*(a|b|bab)*,"[, a, aa, aaa, ab, abab, ba, baba]",[]
001|1010|110,0*10*(10)*,"[001010, 010, 010010, 01010, 0101010, 0110, 1, 1010]",[]
(a|b)*(bab)(a|b)*,(a|b)*(bab)*(a|b)*,"[, aa, aababa, abab, ababa, ababaa, ababb, ababbaba, baba, bbaba]",[]
(a|(b*bb))*,(a*|bb*)*,"[, a, aa, b, bb, bbb]",[]
a(a|b)a(a|b)*,ab*|(a(a|b)a(a|b)*),"[a, aaa, aaaa, aaaaa, aaab, ab, aba, abaa, abb]",[]
(ab|ba)*,(ab|ba)*(aa|ab|ba|bb)*|(aabb|bbaa)*|(aa|ab|ba|bb)*,"[, aa, aaaa, aabb, aabbaabb, ab, abaa, abaaaa, abab, ababaa, abba, abbb, ba, baaa, bb, bbaa]",[]
(a|baa)*,a*(baa*|a*)*,"[, a, aa, aaa, aabaa, aba, abaa, abaaa, abaabaa, baa]",[]
(a|b)(a|b)+aaa+,(a|b)(a|b)*(aaa)a*,"[aaaa, aaaaa, aaaaaa, aaaaaaa, abaaaa, baaa, baaaaa]",[]
(0*10*10*)*|0*,(1|0|1)*,"[, 0, 1, 11]",[]
(a|b)(a|b)+aaa+,(a*b*)*aaa,"[aaa, aaaa, aabaaa, abaaa, ababaaa, abbaaa, baaa]",[]
((a|b)a*ba)*(((a|b)a*b)?),((a|b)a*b((a?)|(bb?)))*|((a|b)a*ba)*,"[, aaaba, aab, aaba, aabaaaba, aabb, aabbb, aabbbb, aba, baba]",[aabaa]
0(0|1)*0,(0+(1*0*1*)*0+)*,"[, 00, 0010, 001010, 0100, 010010, 01010, 010100, 0101001010, 010110, 01011010, 0110, 011010]","[0101, 1010]"
(b|(a*aa))*,(b*|ab)*aa(a|b)*|b*,"[, aa, aaa, abaaa, b, baa, baaa, baaaa, baab, bb, bbaaa]",[]
0(0|1)*0,0+(0*1*0*)*0+|1,"[00, 0000, 000100, 0010, 00100, 001000, 00100100, 001100, 0100, 1]",[]
(0|1)(0|1)*,(1|0)*,"[, 0, 1, 11]",[]
((a|b)a*ba)*(((a|b)a*b)?),((((a|b)(a*)ba)*)|((a|b)(a*)b))*,"[, aaab, aaaba, aab, aaba, aabaaaba, ab, aba, bab, baba]",[]
a+b,(a*b)*,"[, aab, ab, abab, b]",[]
0*10*(10*10*)*,0*((1)*1)*1(0|1)*,"[001110, 010, 0110, 0111, 01110, 011100, 01111, 011110, 0111110, 1, 1110]",[]
(0*10*10*)*|0*,0*(10*1)*0*(10*1*)*,"[, 00101, 001010101, 010010101, 01010, 010100101, 0101010, 010101001, 01010101, 010101011, 01010101101, 0101011, 0101101, 01011010101, 0110101, 1010101]",[]
(a|b)(a|b)+aaa+,(a|b)(a|b)+aa+,"[aaaa, aaaaa, abaa, baaa]",[aaa]
(a|baa)*,(a*|b*aa)*,"[, a, aa, baa, bbaa]",[]
(ab|ba)*,((aa)*|(bb)*)((aa)*|(bb)*)*|(ba|ab)(ab|ba)*|(aa)*|(bb)*,"[, aa, aaaa, aaaaaa, aabb, aabbbb, ab, abab, ba, baab, baabab, baba, bb, bbaa, bbbb, bbbbaa]",[]
(a|b)*(bab)(a|b)*,((a|b)*bab(a|b)*)*,"[, aababa, abab, ababa, ababaa, ababaababa, ababb, baba, bbaba]",[]
(a|(b*bb))*,(a*|b+)*,"[, a, aa, b, bb]",[]
((a|b)a*ba)*(((a|b)a*b)?),(((a|b)(a*))(b|ba))*,"[, aaab, aab, aaba, aabaab, ab, bab]",[]
(a|(b*bb))*,(a|b)*b*(a|b)*,"[, aa, aaba, ab, aba, abaa, abb, abba, ba, bba]",[]
((0(0*|(1+0))*)|(1(1*|(0+1))*))?,(0*1*0+)*|(1*0*1+)*,"[, 00, 0010, 01, 010, 0100, 010010, 0110, 10, 1001, 101, 1011, 101101, 11, 1101]",[]
(a|b)(a|b)+aaa+,"(a|b){1,}aaa","[aaaa, aaaaa, baaa]",[aaa]
/#(/|a|b|##*(a|b))*##*/,(/#(a|b)*#/)*,"[, /##/, /#a#/, /#a#//#a#/, /#aa#/, /#b#/]",[]
(ab|ba)*,((ab)|(ba))*(ab|ba|aa|bb)*,"[, ab, abaa, abab, ababab, abba, abbb, baab]",[]
0(0|1)*0,0*(0*1*0*)*0*,"[, 00, 0000, 000100, 0010, 00100, 001000, 00100100, 001100, 0100]",[]
(0|1)(0|1)|(0|1)(0|1)(0|1),[0-1][0-1][0-1]*[0-1]*,"[00, 000, 0000, 00000]","[0002, 0020, 0200, 2000]"
(a*ba*b)*a*ba*,(a|b)*b((a)|(bb))*,"[aaba, ab, aba, abaa, abbb, b, ba, bba]",[]
((0(0*|(1+0))*)|(1(1*|(0+1))*))?,(0*(11*00*)*)|(1*(00*11*)*),"[, 0, 0011, 001100, 0100, 0110, 01100, 011000, 011001100, 011100, 1, 100011, 1001, 10011, 100110011, 100111, 1011, 1100, 110011]",[]
(a|baa)*,a*(baa*)*,"[, a, aabaa, aba, abaa, abaaa, abaabaa, baa]",[]
(a|(b*bb))*,(a|ab|ba|bb*)*,"[, a, aa, ab, b, ba, bb, bbb]",[]
((0(0*|(1+0))*)|(1(1*|(0+1))*))?,((1*(0+1+0+)*1*)(0*(1+0+1+)*0*))*|1*|0*,"[, 0, 00, 010101010, 1, 100101010, 10010101010, 101001010, 10100101010, 1010010101010, 1010100, 101010010, 10101001010, 101010100, 10101010010, 101010101, 1010101010, 10101010100, 10101010101010101010, 10101010110, 1010101011010, 101010110, 10101011010, 101011010, 10101101010, 101101010, 10110101010, 11, 1101010, 110101010, 11010101010]",[]
((a|b)a*ba)*(((a|b)a*b)?),((a|b)a*b(a?))*,"[, aaaba, aab, aaba, aabaaaba, aba, baba]",[aabaa]
(a*ba*b)*a*ba*,(a*(ba*b)*ba*)+,"[aababba, aba, abaabba, ababb, ababba, ababbaa, ababbaababba, ababbabba, abbba, b, babba]",[]
((0(0*|(1+0))*)|(1(1*|(0+1))*))?,(1|0|(1+(0*1*)*1+)|(0+(1*0*)*0+))*,"[, 0, 00, 000, 00100, 010, 0100, 01000, 010100, 011, 01100, 1, 100, 10011, 101, 101011, 1011, 10111, 11, 11011, 111]",[]
(ab|ba)*,((aa)*|(bb)*)(a|b)*,"[, a, aa, aaa, aaaa, aaaaa, aab, bba, bbbba]",[]
0(0|1)*0,(0(0*1*)*0)*,"[, 00, 000, 00010, 0010, 00100010, 001010, 00110, 010]",[]
(a|b)*baa(a|b)*b,(a*b*)*(baa+|b)+,"[aabbaa, ab, abaa, ababbaa, abb, abbaa, abbaaa, abbaabaa, abbbaa, b, baa, bbaa]",[abba]
(a|b)(a|b)+aaa+,((a|b)*(a|b))aaa(a)*,"[aaaa, aaaaa, aaaaaa, aaaaaaa, abaaaa, baaa, baaaaa]",[]
(ab|ba)*,(ab|ba)*(aa|bb|ab|ba)*,"[, aa, ab, abaa, abaaaa, abab, ababaa, abba, abbb, baaa]",[]
a+b,(a*b)+,"[aab, ab, abab, b]",[]
(0|1)(0|1)*,(0|1)|(0|1)*,"[, 0, 00, 1]",[]
(a*ba*b)*a*ba*,a*ba*(ba*b)*(a*b*)*,"[aabababab, abaab, abaababab, ababaabab, ababab, abababa, abababaab, abababab, ababababab, ababababb, abababb, abababbabab, ababbab, abbabab, b, bababab]",[]
(a|b)*baa(a|b)*b,(a|b)*(baa)(a|b)*,"[aabaaa, abaa, abaaa, abaaaa, abaab, baa, baaa, bbaaa]",[]
b*a*,(a|b*a*)+,"[, a, aa, b, ba, baa, bba]",[]
(a|b)(a|b)+aaa+,(a+|b+)*aa(a+),"[aaa, aaaa, aaaaa, baaa, bbaaa]",[]
(a|(b*bb))*,(a|b)*bb(a|bb)*|a*,"[, a, aa, aabba, abb, abba, abbaa, abbbb, bb, bba, bbba]",[]
(a|(b*bb))*,(a*(bb*)*)*,"[, a, aabb, ab, abb, abbabb, abbb, abbbb, bb]",[]
((a|b)a*ba)*(((a|b)a*b)?),((((a|b)a*b)|(((a|b)a*ba)*))*)?,"[, aaab, aaaba, aab, aaba, aabaaaba, aabaab, ab, aba, bab, baba]",[]
((a|b)a*ba)*(((a|b)a*b)?),((((a|b)a*b)+(a?))*)?,"[, aaaba, aab, aaba, aabaaaba, aabaaba, aba, baba]","[a, aabaa]"
a+b,a*b{1},"[aab, ab, b]","[a, abb]"
(a|(b*bb))*,((a|b)|bb|(a|b))*,"[, a, aa, b, bb]",[]
a+b,(a|b)*(a)*b,"[aaab, aab, ab, b, bab]",[]
(a*ba*b)*a*ba*,(a*)b+((a*)|(b(a*)b))*,"[aaba, ab, aba, abaa, abba, abbaab, abbab, abbb, b, ba]",[aa]
0(0|1)*0,0*|(0|1)*|0*,"[, 0, 00, 1]",[]
0(0|1)*0,0*|0(1|0)*0?,"[, 0, 00, 000, 01, 010, 0100, 0110]",[]
(a|b)(a|b)+aaa+,(a*b*)*|b+aaa,"[, a, aaa, aab, ab, abab, abb, b, baaa, bbaaa]",[]
(a|b)(a|b)+aaa+,(a|b)+aaa+,"[aaaa, aaaaa, baaa]",[aaa]
(a|b)(a|b)+aaa+,((a|b)*(aaa+)),"[aaa, aaaa, aaaaa, baaa]",[]
(a|(b*bb))*,(a|(b+(b)*))*,"[, a, aa, b, bb, bbb]",[]
((0(0*|(1+0))*)|(1(1*|(0+1))*))?,0*(11*0*)*|1*(00*1*)*,"[, 0, 001, 00110, 010, 011, 0110, 01100, 0110110, 01110, 1, 100, 10001, 1001, 1001001, 10011, 101, 110, 11001]",[]
((0(0*|(1+0))*)|(1(1*|(0+1))*))?,0*|1*|(1+0*1*)*|(0+1*0*)*,"[, 0, 00, 0010, 01, 010, 0100, 010010, 0110, 1, 10, 1001, 101, 1011, 101101, 11, 1101]",[]
(a|baa)*,a*((b+aa)*a*)*,"[, a, aa, aaaa, aabaaa, abaa, abaaa, abaaaa, abaaabaaa, abaabaaa, abbaaa, baaa]",[]
(a|b)(a|b)+aaa+,(a+|b+)+aaa+,"[aaaa, aaaaa, baaa, bbaaa]",[aaa]
(ab|ba)*,(ab|ba)*(aa|ab|ba|bb)*,"[, aa, ab, abaa, abaaaa, abab, ababaa, abba, abbb, baaa]",[]
((0(0*|(1+0))*)|(1(1*|(0+1))*))?,(0*1*)*0*|(1*0*)*1*,"[, 0, 00, 0010, 01, 010, 0100, 01010, 0110, 1, 10, 1001, 101, 10101, 1011, 11, 1101]",[]
a+b,(a)*(b),"[aab, ab, b]",[]
(a|baa)*,(((b*)(a)(a))*(a*))*,"[, a, aaa, baa, baaa, baaaa, baaabaaa, baabaaa, bbaaa]",[]
(a|b)(a|b)+aaa+,(aa*|ab*|ba*|bb*)*aaaa*,"[aaa, aaaa, aaaaa, aaaaaa, aaaaaaa, aaaaaaaa, abaaaa, abbaaaa, baaaa, baaaaa, baaaaaa, bbaaaa, bbbaaaa]",[]
(0(0*|1+0)*)|(1(1*|0+1)*),0*|1*|0+(1+0+)*|1+(0+1+)*,"[, 0, 00, 0010, 010, 0100, 01010, 0110, 1, 1001, 101, 10101, 1011, 11, 1101]","[01, 10]"
a+b,((a*)b)*,"[, aab, ab, abab, b]",[]
(ab|ba)*,(ab|ba)*(a|b)*,"[, a, ab, aba, abaa, ababa, abb, baa]",[]
(ab|ba)*,(a(a|b)|b(a|b))*,"[, aa, aaaa, ab, ba, bb]",[]
(0|1)(0|1)|(0|1)(0|1)(0|1),[0-1][0-1][01]*[10]*,"[00, 000, 0000, 001, 0010, 00100, 0011, 00110]","[0012, 0020, 0210, 2010]"
001|1010|110,0*1*0*1*0*,"[, 0010, 001010, 0100, 010010, 0101, 01010, 010100, 010110, 0110, 011010, 1010]",[]
0*10*(10*10*)*,[0-1][0-1]*,"[0, 00, 000]","[02, 20]"
(0(0*|1+0)*)|(1(1*|0+1)*),((0+1*)*0+)*|((1+0*)*1+)*,"[, 0, 00, 0010, 010, 0100, 010010, 01010, 0110, 1, 1001, 101, 10101, 1011, 101101, 11, 1101]","[01, 10]"
(a|b)(a|b)+aaa+,(a|b)(a|b)*|aaa*,"[a, aa, aaa, aaaa, ab, b, ba]",[]
((a|b)a*ba)*(((a|b)a*b)?),((a|b)a*b(a?))*|((a|b)a*ba)*,"[, aaaba, aab, aaba, aabaaaba, aba, baba]",[aabaa]
0*10*(10*10*)*,(0|1(11)*)+,"[0, 00, 1, 111, 11111]",[]
(a|b)*baa(a|b)*b,[ab]*(baa)+[ab]*b[ab]*,"[abaabbb, baab, baabbb, bbaaabb, bbaabaabbb, bbaabb, bbaabba, bbaabbb, bbaabbbb, bbbaabbb]","[bbaabbc, bbaacbb, bbbb, cbaabbb]"
(a|baa)*,(((b)*(a)(a))*(a*))*,"[, a, aaa, baa, baaa, baaaa, baaabaaa, baabaaa, bbaaa]",[]
1?(01)*0?,((0|1)|(1|0))*,"[, 0, 00, 1]",[]
(a*ba*b)*a*ba*,a*(ba*(bb)*)(ba*(bb)*)*a*,"[aababbbabba, abaabbbabba, abababba, ababba, ababbbaa, ababbbaabba, ababbbabb, ababbbabba, ababbbabbaa, ababbbabbbabba, ababbbabbbba, ababbbbba, ababbbbbabba, abbbbabba, b, babbbabba]",[]
0*10*(10*10*)*,(0*(10*1)*0*10*)*|(0*10*10*),"[, 0010, 001010, 00101010, 010010, 01001010, 0101, 01010, 010100, 01010010, 010101, 0101010, 01010100, 01010100101010, 010110, 0101101010, 0110, 011010, 1010, 101010, 11]",[]
(0*10*10*)*|0*,0*(1+0*1+0*)*,"[, 0, 001010, 010010, 0101, 01010, 010100, 010101010, 010110, 0110, 011010, 1010]","[0010, 0100]"
(a*ba*b)*a*ba*,(b|a+|a*ba*(ba*ba*)*a*),"[a, aa, aabababaa, abaa, abaababaa, ababaabaa, abababa, abababaa, abababaaa, abababababaa, ababbaa, abbabaa, b, bababaa]",[]
(a|b)*baa(a|b)*b,(b*a*)*|baa|(b*a*)*|b|b*,"[, a, b, ba, baa, baba, bb, bba]",[]
((a|b)a*ba)*(((a|b)a*b)?),(((a|b)a*b)|((a|b)a*ba))*((a|b)a*b)?,"[, aaabaaab, aaabaab, aab, aabaaab, aabaab, aabaabaab, aabab, aabbab, abaaab, abaab, babaaab, babaab]",[]
a+b,(a|a*b),"[a, aab, ab, b]",[]
(a|(b*bb))*,(a|b+)*,"[, a, aa, b, bb]",[]
(a*ba*b)*a*ba*,(a)*b(a|(ba)*b)*,"[aaba, ab, aba, abaa, abb, abbab, abbabab, b, ba]",[]
a+b,(a|b)a*b,"[aaab, aab, ab, bab, bb]",[]
(b|(a*aa))*,(b*a*(aa)*b*)*,"[, aaab, baaa, baaaaab, baaaab, baaab, baaabb, baaabbaaab, baab, bab, bbaaab]",[]
a+b,aa*b+,"[aaab, aab, aabb, ab]",[aa]
(a*ba*b)*a*ba*,(a|ba*)*ba*,"[aaba, ab, aba, abaa, b, ba, baaba, baba, bba]",[]
a+b,(a*)(b),"[aab, ab, b]",[]
((a|b)a*ba)*(((a|b)a*b)?),((a|b)a*b+a)*((a|b)a*b+)?,"[, aaaaab, aaabaaab, aab, aaba, aabaaaab, aabaaab, aabaaabaaab, aabaaabaab, aabaaabb, aabaab, aababab, aabbaaab, abaaab, babaaab]",[aabaaa]
((a|b)a*ba)*(((a|b)a*b)?),((aa*ba?)|(ba*ba?))*,"[, aaaba, aab, aaba, aabaaaba, aba, baaba, bab, baba, bba]","[aabaa, babaa]"
((a|b)a*ba)*(((a|b)a*b)?),(((a|b)a*ba)*|((a|b)a*b)?)*,"[, aaab, aaaba, aab, aaba, aabaaaba, aabaab, ab, aba, bab, baba]",[]
((a|b)a*ba)*(((a|b)a*b)?),(((a|b)a*b(a?))?)*,"[, aaaba, aab, aaba, aabaaaba, aba, baba]",[aabaa]
(a*ba*b)*a*ba*,a*b((ba*|a)*)a*,"[aabbaa, aba, abaa, abba, abbaa, abbaaa, abbabaa, b, bbaa]",[]
((0(0*|(1+0))*)|(1(1*|(0+1))*))?,(0*(01)*0|1*(10)*1)*,"[, 00, 00010, 0010, 00100010, 001010, 010, 101, 11, 1101, 110101, 11101]",[]
0(0|1)*0,((1*|0*)(0*1*)*(0*|1*))*,"[, 00010, 0010, 010, 10, 100, 10010, 101, 1010, 10100, 101010, 10101010, 1011, 10110, 10111, 110, 11010]",[]
a+b,a*(b),"[aab, ab, b]",[]
(0|1)(0|1)|(0|1)(0|1)(0|1),[0-1][0-1][0-1]*,"[00, 000, 0000]","[002, 020, 200]"
((0(0*|(1+0))*)|(1(1*|(0+1))*))?,((0|1)*(((01)(0|1)*(10))|((10)(0|1)*(01))|(010)*|(101)*)(0|1)*)|0*|1*,"[, 0, 00, 00010100, 00100, 00100100, 001010, 0010100, 00101000, 0010101, 001100, 0011100, 01000010, 0100010, 010010, 01010, 010100, 0101010, 01011010, 0110, 1, 1001, 1010100, 11]",[]
(a|baa)*,(a|b)*((b)*(aa))*,"[, a, aaa, aabaa, abaa, abaabaa, abbaa, baa, bbaa]",[]
(a|b)*baa(a|b)*b,(a*b*(baa+)*a*b*)*b+,"[aabbaaabb, abaaabb, ababb, abbaaaabb, abbaaab, abbaaababbaaabb, abbaaabb, abbaaabbb, abbaabaaabb, abbaabb, abbbaaabb, b, bbaaabb]",[]
(a|b)(a|b)+aaa+,(b*a*)*a*a*a,"[a, aaa, aaaa, baaa, baaaa, baaaaa, babaaaa, bbaaaa]",[]
(a|(b*bb))*,(a|b|ba|ab|aba)*,"[, a, aa, ab, aba, b, ba]",[]
(a|b)*(bab)(a|b)*,(a|b|bab)*,"[, a, aa, b, bab]",[]
(a|b)*(bab)(a|b)*,(a|b|bab)+,"[a, aa, b, bab]",[]
(ab|ba)*,(ab|ba)*(aa+bb+ab+ba)*,"[, aabbabba, ab, abaaabbabba, abaabbabba, abaabbabbaaabbabba, abaabbabbba, abaabbbabba, ababaabbabba, baaabbabba]","[abaababba, abaabbaba, ababbabba]"
a+b,(a|b)*(a)b,"[aaab, aab, ab, bab]",[]
(b|(a*aa))*,b*|(a|b)*aa(a|b)*,"[, aa, aaa, aaaa, aaaaa, aaab, b, baaa, bb]",[]
(a|b)(a|b)+aaa+,(aa|ab|ba|bb|b)*(aaa)a*,"[aaa, aaaa, aaaaa, aaaaaa, aaaaaaa, aaaaaaaa, abaaaa, baaaa, baaaaa, bbaaaa]",[]
a+b,a[ab]*b,"[aab, ab, abb, abbb]",[acb]
0*10*(10*10*)*,(0*10*1*0*)*,"[, 001010, 0100, 010010, 0101, 01010, 010100, 0101001010, 010110, 0110, 1010]",[]
(ab|ba)*,((ab)*(ba)*)*|(aa|ab|ba|bb)*(a|b),"[, a, aaa, aaaaa, aab, ab, aba, ababba, abba, abbaabba, abbaba, b, ba, baa, bba]",[]
(a|b)*baa(a|b)*b,(a|b)*baa*(a|b)*b*,"[aabaaab, abaaa, abaaaab, abaaab, abaaabb, abaab, abaabb, ba, baaab, bbaaab]",[]
(a|baa)*,(a|(b*aa+))*,"[, a, aa, baa, baaa, bbaa]",[ba]
(0(0*|1+0)*)|(1(1*|0+1)*),0(0|1)*0|1(0|1)*1|1*|0*,"[, 0, 00, 000, 0000, 010, 1, 1001, 101, 11, 111]",[]
(a|b)(a|b)+aaa+,((a|b)*(a|b))+aaa+,"[aaaa, aaaaa, aaaaaa, aaaaaaa, abaaa, baaa, baaaa]",[aaa]
0(0|1)*0,(0(0|1)*0)|(1(0|1)*1)?,"[, 00, 000, 0000, 010, 1001, 101, 101101, 11, 111]",[]
(ab|ba)*,(ab|ba)*((a|b)(a|b))*,"[, aa, ab, abaa, abaaaa, abab, ababaa, abba, baaa]",[]
a+b,(a|b)*a(a|b)*b(a|b)*,"[aaaaba, aaab, aaaba, aaabaa, aaabb, aaba, aabba, ab, baaba]",[]
(a|b)(a|b)+aaa+,(a|b)*aaa*,"[aa, aaa, aaaa, aaaaa, baaa]",[]
(a|b)(a|b)+aaa+,(a|b)*aaa+,"[aaa, aaaa, aaaaa, baaa]",[]
(ab|ba)*,(aa|bb|ab|ba)*(aa|bb)*,"[, aa, aaaa, aaaaaa, aabb, abaa, baaa, bbaa]",[]
a+b,(a*b|a),"[a, aab, ab, b]",[]
(a|(b*bb))*,(a|b|ba|ab)*,"[, a, aa, ab, b, ba]",[]
0*10*(10*10*)*,[0-1]([0-1])?(([0-1])?)*,"[0, 00, 000, 0000]","[002, 020, 200]"
(0*10*10*)*|0*,(0|1)*,"[, 0, 00, 1]",[]
(0*10*10*)*|0*,(0|1)*1*,"[, 0, 001, 01, 011, 1, 11]",[]
(ab|ba)*,(ab|aabb|ba|bbaa)*,"[, aabb, ab, abab, ba, bbaa]",[]
(a|(b*bb))*,(a|b|ba|ab|aba)*(aba)*,"[, a, aaaba, aaba, aabaaba, aba, abaaba, ababa, baaba, baba]",[]
(a|b)(a|b)+aaa+,(a|b)*(aaa)a*,"[aaa, aaaa, aaaaa, aaaaaa, baaaa]",[]
(ab|ba)*,(ab|ba)*(aabb+bbaa+ba+ab)*,"[, aabbbbaabaab, ab, abaabbbbaaabaab, abaabbbbaabaaab, abaabbbbaabaab, abaabbbbaabaabaabbbbaabaab, abaabbbbbaabaab, ababaabbbbaabaab, baaabbbbaabaab]","[abaabbbaabaab, abaabbbbaabab, abaabbbbabaab]"
(ab|ba)*,(bb|aa|(ab|ba)*)*((aa)|(bb)|(ab)|(ba))*,"[, aa, aaaa, abaa, ababaa, baaa, bb, bbaa, bbaaaa, bbab, bbba, bbbb, bbbbaa]",[]
0(0|1)*0,0(0|1)*0|(00)*,"[, 00, 000, 0000, 010]",[]
b*a*,((a+)|b+a*)*,"[, a, aa, b, ba, baa, bba]",[]
(ab|ba)*,((ab|ba)+(aa|bb|ba|ab)*)?,"[, ab, abaa, abaaaa, abaaabaa, abab, ababaa, abba, abbb, baaa]",[aa]
(a*ba*b)*a*ba*,a*b(ba+b)*|(a*|bb*)*,"[, a, aa, aabbab, ab, abbaab, abbab, abbabbab, abbb, b, bb, bbab, bbb]",[]
(ab|ba)*,((aa)*|(ab)*|(ba)*|(bb)*)*,"[, aa, aaaa, ab, abab, ba, baba, bb, bbbb]",[]
(a|(b*bb))*,(a*b+a*)*|a*,"[, a, aa, aaba, ab, aba, abaa, abaaba, abba, ba]",[]
(0|1)(0|1)|(0|1)(0|1)(0|1),"(0|1|10|11){2,3}","[00, 000, 011, 1010, 1011, 11, 111, 1111]","[0, 0000]"
a+b,(a|a*)(b),"[aab, ab, b]",[]
a+b,(a+b)*,"[, aab, ab, abab]",[b]
a+b,(a+b)+,"[aab, ab, abab]","[, b]"
((a|b)a*ba)*(((a|b)a*b)?),((a|b)a*ba?)*,"[, aaaba, aab, aaba, aabaaaba, aba, baba]",[aabaa]
(0(0*|1+0)*)|(1(1*|0+1)*),(1+(0+1)*1*)*|(0+(1+0)*0*)*,"[, 00, 000, 00100, 010, 0100, 01000, 01000100, 010100, 01100, 10011, 101, 101011, 1011, 10111, 10111011, 11, 11011, 111]","[011, 100]"
1?(01)*0?,((0|1)|(01|10))*,"[, 0, 00, 01, 1, 10]",[]
(a*ba*b)*a*ba*,a*b(bb*|a*)*,"[aabbb, ab, aba, abaa, abb, abbb, abbbb, abbbbb, b, bbb]",[]
(ab|ba)*,(ab|ba)*(ab+ba)*,"[, ab, abababba, ababba, ababbaabba, ababbba, abba, baabba]",[ababa]
(a|b)(a|b)+aaa+,((a|b)*(a|b))(aaa)+,"[aaaa, aaaaa, aaaaaa, aaaaaaaa, abaaa, baaa, baaaa]",[aa]
(a|b)*baa(a|b)*b,((a|b)*baa(a|b)*)*b,"[aabaaab, abaaaab, abaaaabaaab, abaaab, abaab, abaabb, b, baaab, bbaaab]",[]
(0(0*|1+0)*)|(1(1*|0+1)*),1*|0*|1+(0*1*)*1+|0+(0*1*)*0+,"[, 0, 00, 000, 00010, 0010, 00100, 001010, 00110, 010, 1, 10011, 101, 101011, 1011, 10111, 11, 11011, 111]","[001, 011]"
(a|b)*baa(a|b)*b,(a|b)*(a|b)*b,"[aaab, aab, ab, abb, b, bab]",[]
0(0|1)*0,0+|(0|1)*|0+,"[, 0, 00, 1]",[]
(a|(b*bb))*,((a|b)*|bb|(a|b)*)*,"[, a, aa, b, bb]",[]
(a|baa)*,(a|b)*(baa)*,"[, a, aabaa, abaa, abaabaa, baa, bbaa]",[]
(0(0*|1+0)*)|(1(1*|0+1)*),1*(0+1+0*)*|0*(1+0+1*)*,"[, 0, 001, 00101, 010, 01001, 0101, 01011, 0101101, 011, 01101, 1, 100, 10010, 101, 1010, 10100, 1010010, 10110, 110, 11010]",[]
(ab|ba)*,((aa)|(ab)|(ba)|(bb))*,"[, aa, aaaa, ab, ba, bb]",[]
(a|baa)*,(a|(b|aa*))*,"[, a, aa, aaa, b]",[]
(0(0*|1+0)*)|(1(1*|0+1)*),0*|1*|0+(1*0*)*|1+(0*1*)*,"[, 0, 00, 0010, 01, 010, 0100, 01010, 0110, 1, 10, 1001, 101, 10101, 1011, 11, 1101]",[]
a(a|b)a(a|b)*,(aba|aaa|aab|abb|bba)(a|b)*,"[aaa, aaaa, aab, aaba, aba, abaa, abaaa, abab, abb, abba, bba, bbaa]",[]
((a|b)a*ba)*(((a|b)a*b)?),((a|b)a*ba)*((a|b)a*b)?a?,"[, aaabaaaba, aaba, aabaa, aabaaaaba, aabaaab, aabaaaba, aabaaabaa, aabaaabaaaba, aabaaabaaba, aabaaba, aabababa, abaaaba, babaaaba]",[]
